$# LS-DYNA Keyword file created by LS-PrePost(R) V4.6.17 - 11Sep2019
$# Created on Oct-04-2020 (10:38:05)
*KEYWORD
*TITLE
$#                                                                         title
LS-DYNA keyword deck by LS-PrePost
*CONTROL_TERMINATION
       1.0         0       0.0       0.01.000000E8         0
*DATABASE_GLSTAT
       0.1         0         0         1
*DATABASE_MATSUM
       0.1         0         0         1
*DATABASE_BINARY_D3PLOT
       0.0         0         0        10         0
         0
*BOUNDARY_SPC_SET
         1         0         1         1         1         1         1         1
*SET_NODE_LIST_TITLE
NODESET(SPC) 1
         1       0.0       0.0       0.0       0.0MECH
       941       940       938       937       936       935       934       933
       932       921       922       923       924       925       926       927
       928       929       930       931       939       501       522       543
       564       585       606       627       648       669       690       711
       732       753       774       795       816       837       858       879
       900       502       503       504       505       506       507       508
       509       510       511       512       513       514       515       516
       517       518       519       520       521       542       563       584
       605       626       647       668       689       710       731       752
       773       794       815       836       857       878       899       920
*CONTACT_AUTOMATIC_SURFACE_TO_SURFACE_ID
         1Plate_ball_contact
         1         2         3         3         0         0         0         0
       0.0       0.0       0.0       0.0       0.0         0       0.01.00000E20
       1.0       1.0       0.0       0.0       1.0       1.0       1.0       1.0
*PART
plate
         1         1         1         0         0         0         0         0
*SECTION_SHELL_TITLE
plate_shell
         1         2       1.0         2       1.0         0         0         1
     0.005     0.005     0.005     0.005       0.0       0.0       0.0         0
*MAT_PIECEWISE_LINEAR_PLASTICITY_TITLE
plate_plastic_mat
         1    7850.02.09000E11      0.295.000000E81.00000E101.00000E21       0.0
       0.0       0.0         0         0       0.0
       0.0       0.0       0.0       0.0       0.0       0.0       0.0       0.0
       0.0       0.0       0.0       0.0       0.0       0.0       0.0       0.0
*PART
ball
         2         2         2         0         0         0         0         0
*SECTION_SOLID_TITLE
ball_solid
         2         2         0
*MAT_ELASTIC_TITLE
ball_elastic
         2    2850.07.20000E10       0.3       0.0       0.0       0.0
*INITIAL_VELOCITY_NODE
       942       0.0       0.0     -10.0       0.0       0.0       0.0         0
       943       0.0       0.0     -10.0       0.0       0.0       0.0         0
       944       0.0       0.0     -10.0       0.0       0.0       0.0         0
       945       0.0       0.0     -10.0       0.0       0.0       0.0         0
       946       0.0       0.0     -10.0       0.0       0.0       0.0         0
       947       0.0       0.0     -10.0       0.0       0.0       0.0         0
       948       0.0       0.0     -10.0       0.0       0.0       0.0         0
       949       0.0       0.0     -10.0       0.0       0.0       0.0         0
       950       0.0       0.0     -10.0       0.0       0.0       0.0         0
       951       0.0       0.0     -10.0       0.0       0.0       0.0         0
       952       0.0       0.0     -10.0       0.0       0.0       0.0         0
       953       0.0       0.0     -10.0       0.0       0.0       0.0         0
       954       0.0       0.0     -10.0       0.0       0.0       0.0         0
       955       0.0       0.0     -10.0       0.0       0.0       0.0         0
       956       0.0       0.0     -10.0       0.0       0.0       0.0         0
       957       0.0       0.0     -10.0       0.0       0.0       0.0         0
       958       0.0       0.0     -10.0       0.0       0.0       0.0         0
       959       0.0       0.0     -10.0       0.0       0.0       0.0         0
       960       0.0       0.0     -10.0       0.0       0.0       0.0         0
       961       0.0       0.0     -10.0       0.0       0.0       0.0         0
       962       0.0       0.0     -10.0       0.0       0.0       0.0         0
       963       0.0       0.0     -10.0       0.0       0.0       0.0         0
       964       0.0       0.0     -10.0       0.0       0.0       0.0         0
       965       0.0       0.0     -10.0       0.0       0.0       0.0         0
       966       0.0       0.0     -10.0       0.0       0.0       0.0         0
       967       0.0       0.0     -10.0       0.0       0.0       0.0         0
       968       0.0       0.0     -10.0       0.0       0.0       0.0         0
       969       0.0       0.0     -10.0       0.0       0.0       0.0         0
       970       0.0       0.0     -10.0       0.0       0.0       0.0         0
       971       0.0       0.0     -10.0       0.0       0.0       0.0         0
       972       0.0       0.0     -10.0       0.0       0.0       0.0         0
       973       0.0       0.0     -10.0       0.0       0.0       0.0         0
       974       0.0       0.0     -10.0       0.0       0.0       0.0         0
       975       0.0       0.0     -10.0       0.0       0.0       0.0         0
       976       0.0       0.0     -10.0       0.0       0.0       0.0         0
       977       0.0       0.0     -10.0       0.0       0.0       0.0         0
       978       0.0       0.0     -10.0       0.0       0.0       0.0         0
       979       0.0       0.0     -10.0       0.0       0.0       0.0         0
       980       0.0       0.0     -10.0       0.0       0.0       0.0         0
       981       0.0       0.0     -10.0       0.0       0.0       0.0         0
       982       0.0       0.0     -10.0       0.0       0.0       0.0         0
       983       0.0       0.0     -10.0       0.0       0.0       0.0         0
       984       0.0       0.0     -10.0       0.0       0.0       0.0         0
       985       0.0       0.0     -10.0       0.0       0.0       0.0         0
       986       0.0       0.0     -10.0       0.0       0.0       0.0         0
       987       0.0       0.0     -10.0       0.0       0.0       0.0         0
       988       0.0       0.0     -10.0       0.0       0.0       0.0         0
       989       0.0       0.0     -10.0       0.0       0.0       0.0         0
       990       0.0       0.0     -10.0       0.0       0.0       0.0         0
       991       0.0       0.0     -10.0       0.0       0.0       0.0         0
       992       0.0       0.0     -10.0       0.0       0.0       0.0         0
       993       0.0       0.0     -10.0       0.0       0.0       0.0         0
       994       0.0       0.0     -10.0       0.0       0.0       0.0         0
       995       0.0       0.0     -10.0       0.0       0.0       0.0         0
       996       0.0       0.0     -10.0       0.0       0.0       0.0         0
       997       0.0       0.0     -10.0       0.0       0.0       0.0         0
       998       0.0       0.0     -10.0       0.0       0.0       0.0         0
       999       0.0       0.0     -10.0       0.0       0.0       0.0         0
      1000       0.0       0.0     -10.0       0.0       0.0       0.0         0
      1001       0.0       0.0     -10.0       0.0       0.0       0.0         0
      1002       0.0       0.0     -10.0       0.0       0.0       0.0         0
      1003       0.0       0.0     -10.0       0.0       0.0       0.0         0
      1004       0.0       0.0     -10.0       0.0       0.0       0.0         0
      1005       0.0       0.0     -10.0       0.0       0.0       0.0         0
      1006       0.0       0.0     -10.0       0.0       0.0       0.0         0
      1007       0.0       0.0     -10.0       0.0       0.0       0.0         0
      1008       0.0       0.0     -10.0       0.0       0.0       0.0         0
      1009       0.0       0.0     -10.0       0.0       0.0       0.0         0
      1010       0.0       0.0     -10.0       0.0       0.0       0.0         0
      1011       0.0       0.0     -10.0       0.0       0.0       0.0         0
      1012       0.0       0.0     -10.0       0.0       0.0       0.0         0
      1013       0.0       0.0     -10.0       0.0       0.0       0.0         0
      1014       0.0       0.0     -10.0       0.0       0.0       0.0         0
      1015       0.0       0.0     -10.0       0.0       0.0       0.0         0
      1016       0.0       0.0     -10.0       0.0       0.0       0.0         0
      1017       0.0       0.0     -10.0       0.0       0.0       0.0         0
      1018       0.0       0.0     -10.0       0.0       0.0       0.0         0
      1019       0.0       0.0     -10.0       0.0       0.0       0.0         0
      1020       0.0       0.0     -10.0       0.0       0.0       0.0         0
      1021       0.0       0.0     -10.0       0.0       0.0       0.0         0
      1022       0.0       0.0     -10.0       0.0       0.0       0.0         0
      1023       0.0       0.0     -10.0       0.0       0.0       0.0         0
      1024       0.0       0.0     -10.0       0.0       0.0       0.0         0
      1025       0.0       0.0     -10.0       0.0       0.0       0.0         0
      1026       0.0       0.0     -10.0       0.0       0.0       0.0         0
      1027       0.0       0.0     -10.0       0.0       0.0       0.0         0
      1028       0.0       0.0     -10.0       0.0       0.0       0.0         0
      1029       0.0       0.0     -10.0       0.0       0.0       0.0         0
      1030       0.0       0.0     -10.0       0.0       0.0       0.0         0
      1031       0.0       0.0     -10.0       0.0       0.0       0.0         0
      1032       0.0       0.0     -10.0       0.0       0.0       0.0         0
      1033       0.0       0.0     -10.0       0.0       0.0       0.0         0
      1034       0.0       0.0     -10.0       0.0       0.0       0.0         0
      1035       0.0       0.0     -10.0       0.0       0.0       0.0         0
      1036       0.0       0.0     -10.0       0.0       0.0       0.0         0
      1037       0.0       0.0     -10.0       0.0       0.0       0.0         0
      1038       0.0       0.0     -10.0       0.0       0.0       0.0         0
      1039       0.0       0.0     -10.0       0.0       0.0       0.0         0
      1040       0.0       0.0     -10.0       0.0       0.0       0.0         0
      1041       0.0       0.0     -10.0       0.0       0.0       0.0         0
      1042       0.0       0.0     -10.0       0.0       0.0       0.0         0
      1043       0.0       0.0     -10.0       0.0       0.0       0.0         0
      1044       0.0       0.0     -10.0       0.0       0.0       0.0         0
      1045       0.0       0.0     -10.0       0.0       0.0       0.0         0
      1046       0.0       0.0     -10.0       0.0       0.0       0.0         0
      1047       0.0       0.0     -10.0       0.0       0.0       0.0         0
      1048       0.0       0.0     -10.0       0.0       0.0       0.0         0
      1049       0.0       0.0     -10.0       0.0       0.0       0.0         0
      1050       0.0       0.0     -10.0       0.0       0.0       0.0         0
      1051       0.0       0.0     -10.0       0.0       0.0       0.0         0
      1052       0.0       0.0     -10.0       0.0       0.0       0.0         0
      1053       0.0       0.0     -10.0       0.0       0.0       0.0         0
      1054       0.0       0.0     -10.0       0.0       0.0       0.0         0
      1055       0.0       0.0     -10.0       0.0       0.0       0.0         0
      1056       0.0       0.0     -10.0       0.0       0.0       0.0         0
      1057       0.0       0.0     -10.0       0.0       0.0       0.0         0
      1058       0.0       0.0     -10.0       0.0       0.0       0.0         0
      1059       0.0       0.0     -10.0       0.0       0.0       0.0         0
      1060       0.0       0.0     -10.0       0.0       0.0       0.0         0
      1061       0.0       0.0     -10.0       0.0       0.0       0.0         0
      1062       0.0       0.0     -10.0       0.0       0.0       0.0         0
      1063       0.0       0.0     -10.0       0.0       0.0       0.0         0
      1064       0.0       0.0     -10.0       0.0       0.0       0.0         0
      1065       0.0       0.0     -10.0       0.0       0.0       0.0         0
      1066       0.0       0.0     -10.0       0.0       0.0       0.0         0
      1067       0.0       0.0     -10.0       0.0       0.0       0.0         0
      1068       0.0       0.0     -10.0       0.0       0.0       0.0         0
      1069       0.0       0.0     -10.0       0.0       0.0       0.0         0
      1070       0.0       0.0     -10.0       0.0       0.0       0.0         0
      1071       0.0       0.0     -10.0       0.0       0.0       0.0         0
      1072       0.0       0.0     -10.0       0.0       0.0       0.0         0
      1073       0.0       0.0     -10.0       0.0       0.0       0.0         0
      1074       0.0       0.0     -10.0       0.0       0.0       0.0         0
      1075       0.0       0.0     -10.0       0.0       0.0       0.0         0
      1076       0.0       0.0     -10.0       0.0       0.0       0.0         0
      1077       0.0       0.0     -10.0       0.0       0.0       0.0         0
      1078       0.0       0.0     -10.0       0.0       0.0       0.0         0
      1079       0.0       0.0     -10.0       0.0       0.0       0.0         0
      1080       0.0       0.0     -10.0       0.0       0.0       0.0         0
      1081       0.0       0.0     -10.0       0.0       0.0       0.0         0
      1082       0.0       0.0     -10.0       0.0       0.0       0.0         0
      1083       0.0       0.0     -10.0       0.0       0.0       0.0         0
      1084       0.0       0.0     -10.0       0.0       0.0       0.0         0
      1085       0.0       0.0     -10.0       0.0       0.0       0.0         0
      1086       0.0       0.0     -10.0       0.0       0.0       0.0         0
      1087       0.0       0.0     -10.0       0.0       0.0       0.0         0
      1088       0.0       0.0     -10.0       0.0       0.0       0.0         0
      1089       0.0       0.0     -10.0       0.0       0.0       0.0         0
      1090       0.0       0.0     -10.0       0.0       0.0       0.0         0
      1091       0.0       0.0     -10.0       0.0       0.0       0.0         0
      1092       0.0       0.0     -10.0       0.0       0.0       0.0         0
      1093       0.0       0.0     -10.0       0.0       0.0       0.0         0
      1094       0.0       0.0     -10.0       0.0       0.0       0.0         0
      1095       0.0       0.0     -10.0       0.0       0.0       0.0         0
      1096       0.0       0.0     -10.0       0.0       0.0       0.0         0
      1097       0.0       0.0     -10.0       0.0       0.0       0.0         0
      1098       0.0       0.0     -10.0       0.0       0.0       0.0         0
      1099       0.0       0.0     -10.0       0.0       0.0       0.0         0
      1100       0.0       0.0     -10.0       0.0       0.0       0.0         0
      1101       0.0       0.0     -10.0       0.0       0.0       0.0         0
      1102       0.0       0.0     -10.0       0.0       0.0       0.0         0
      1103       0.0       0.0     -10.0       0.0       0.0       0.0         0
      1104       0.0       0.0     -10.0       0.0       0.0       0.0         0
      1105       0.0       0.0     -10.0       0.0       0.0       0.0         0
      1106       0.0       0.0     -10.0       0.0       0.0       0.0         0
      1107       0.0       0.0     -10.0       0.0       0.0       0.0         0
      1108       0.0       0.0     -10.0       0.0       0.0       0.0         0
      1109       0.0       0.0     -10.0       0.0       0.0       0.0         0
      1110       0.0       0.0     -10.0       0.0       0.0       0.0         0
      1111       0.0       0.0     -10.0       0.0       0.0       0.0         0
      1112       0.0       0.0     -10.0       0.0       0.0       0.0         0
      1113       0.0       0.0     -10.0       0.0       0.0       0.0         0
      1114       0.0       0.0     -10.0       0.0       0.0       0.0         0
      1115       0.0       0.0     -10.0       0.0       0.0       0.0         0
      1116       0.0       0.0     -10.0       0.0       0.0       0.0         0
      1117       0.0       0.0     -10.0       0.0       0.0       0.0         0
      1118       0.0       0.0     -10.0       0.0       0.0       0.0         0
      1119       0.0       0.0     -10.0       0.0       0.0       0.0         0
      1120       0.0       0.0     -10.0       0.0       0.0       0.0         0
      1121       0.0       0.0     -10.0       0.0       0.0       0.0         0
      1122       0.0       0.0     -10.0       0.0       0.0       0.0         0
      1123       0.0       0.0     -10.0       0.0       0.0       0.0         0
      1124       0.0       0.0     -10.0       0.0       0.0       0.0         0
      1125       0.0       0.0     -10.0       0.0       0.0       0.0         0
      1126       0.0       0.0     -10.0       0.0       0.0       0.0         0
      1127       0.0       0.0     -10.0       0.0       0.0       0.0         0
      1128       0.0       0.0     -10.0       0.0       0.0       0.0         0
      1129       0.0       0.0     -10.0       0.0       0.0       0.0         0
      1130       0.0       0.0     -10.0       0.0       0.0       0.0         0
      1131       0.0       0.0     -10.0       0.0       0.0       0.0         0
      1132       0.0       0.0     -10.0       0.0       0.0       0.0         0
      1133       0.0       0.0     -10.0       0.0       0.0       0.0         0
      1134       0.0       0.0     -10.0       0.0       0.0       0.0         0
      1135       0.0       0.0     -10.0       0.0       0.0       0.0         0
      1136       0.0       0.0     -10.0       0.0       0.0       0.0         0
      1137       0.0       0.0     -10.0       0.0       0.0       0.0         0
      1138       0.0       0.0     -10.0       0.0       0.0       0.0         0
      1139       0.0       0.0     -10.0       0.0       0.0       0.0         0
      1140       0.0       0.0     -10.0       0.0       0.0       0.0         0
      1141       0.0       0.0     -10.0       0.0       0.0       0.0         0
      1142       0.0       0.0     -10.0       0.0       0.0       0.0         0
      1143       0.0       0.0     -10.0       0.0       0.0       0.0         0
      1144       0.0       0.0     -10.0       0.0       0.0       0.0         0
      1145       0.0       0.0     -10.0       0.0       0.0       0.0         0
      1146       0.0       0.0     -10.0       0.0       0.0       0.0         0
      1147       0.0       0.0     -10.0       0.0       0.0       0.0         0
      1148       0.0       0.0     -10.0       0.0       0.0       0.0         0
      1149       0.0       0.0     -10.0       0.0       0.0       0.0         0
      1150       0.0       0.0     -10.0       0.0       0.0       0.0         0
      1151       0.0       0.0     -10.0       0.0       0.0       0.0         0
      1152       0.0       0.0     -10.0       0.0       0.0       0.0         0
      1153       0.0       0.0     -10.0       0.0       0.0       0.0         0
      1154       0.0       0.0     -10.0       0.0       0.0       0.0         0
      1155       0.0       0.0     -10.0       0.0       0.0       0.0         0
      1156       0.0       0.0     -10.0       0.0       0.0       0.0         0
      1157       0.0       0.0     -10.0       0.0       0.0       0.0         0
      1158       0.0       0.0     -10.0       0.0       0.0       0.0         0
      1159       0.0       0.0     -10.0       0.0       0.0       0.0         0
      1160       0.0       0.0     -10.0       0.0       0.0       0.0         0
      1161       0.0       0.0     -10.0       0.0       0.0       0.0         0
      1162       0.0       0.0     -10.0       0.0       0.0       0.0         0
      1163       0.0       0.0     -10.0       0.0       0.0       0.0         0
      1164       0.0       0.0     -10.0       0.0       0.0       0.0         0
      1165       0.0       0.0     -10.0       0.0       0.0       0.0         0
      1166       0.0       0.0     -10.0       0.0       0.0       0.0         0
      1167       0.0       0.0     -10.0       0.0       0.0       0.0         0
      1168       0.0       0.0     -10.0       0.0       0.0       0.0         0
      1169       0.0       0.0     -10.0       0.0       0.0       0.0         0
      1170       0.0       0.0     -10.0       0.0       0.0       0.0         0
      1171       0.0       0.0     -10.0       0.0       0.0       0.0         0
      1172       0.0       0.0     -10.0       0.0       0.0       0.0         0
      1173       0.0       0.0     -10.0       0.0       0.0       0.0         0
      1174       0.0       0.0     -10.0       0.0       0.0       0.0         0
      1175       0.0       0.0     -10.0       0.0       0.0       0.0         0
      1176       0.0       0.0     -10.0       0.0       0.0       0.0         0
      1177       0.0       0.0     -10.0       0.0       0.0       0.0         0
      1178       0.0       0.0     -10.0       0.0       0.0       0.0         0
      1179       0.0       0.0     -10.0       0.0       0.0       0.0         0
      1180       0.0       0.0     -10.0       0.0       0.0       0.0         0
      1181       0.0       0.0     -10.0       0.0       0.0       0.0         0
      1182       0.0       0.0     -10.0       0.0       0.0       0.0         0
      1183       0.0       0.0     -10.0       0.0       0.0       0.0         0
      1184       0.0       0.0     -10.0       0.0       0.0       0.0         0
      1185       0.0       0.0     -10.0       0.0       0.0       0.0         0
      1186       0.0       0.0     -10.0       0.0       0.0       0.0         0
      1187       0.0       0.0     -10.0       0.0       0.0       0.0         0
      1188       0.0       0.0     -10.0       0.0       0.0       0.0         0
      1189       0.0       0.0     -10.0       0.0       0.0       0.0         0
      1190       0.0       0.0     -10.0       0.0       0.0       0.0         0
      1191       0.0       0.0     -10.0       0.0       0.0       0.0         0
      1192       0.0       0.0     -10.0       0.0       0.0       0.0         0
      1193       0.0       0.0     -10.0       0.0       0.0       0.0         0
      1194       0.0       0.0     -10.0       0.0       0.0       0.0         0
      1195       0.0       0.0     -10.0       0.0       0.0       0.0         0
      1196       0.0       0.0     -10.0       0.0       0.0       0.0         0
      1197       0.0       0.0     -10.0       0.0       0.0       0.0         0
      1198       0.0       0.0     -10.0       0.0       0.0       0.0         0
      1199       0.0       0.0     -10.0       0.0       0.0       0.0         0
      1200       0.0       0.0     -10.0       0.0       0.0       0.0         0
      1201       0.0       0.0     -10.0       0.0       0.0       0.0         0
      1202       0.0       0.0     -10.0       0.0       0.0       0.0         0
      1203       0.0       0.0     -10.0       0.0       0.0       0.0         0
      1204       0.0       0.0     -10.0       0.0       0.0       0.0         0
      1205       0.0       0.0     -10.0       0.0       0.0       0.0         0
      1206       0.0       0.0     -10.0       0.0       0.0       0.0         0
      1207       0.0       0.0     -10.0       0.0       0.0       0.0         0
      1208       0.0       0.0     -10.0       0.0       0.0       0.0         0
      1209       0.0       0.0     -10.0       0.0       0.0       0.0         0
      1210       0.0       0.0     -10.0       0.0       0.0       0.0         0
      1211       0.0       0.0     -10.0       0.0       0.0       0.0         0
      1212       0.0       0.0     -10.0       0.0       0.0       0.0         0
      1213       0.0       0.0     -10.0       0.0       0.0       0.0         0
      1214       0.0       0.0     -10.0       0.0       0.0       0.0         0
      1215       0.0       0.0     -10.0       0.0       0.0       0.0         0
      1216       0.0       0.0     -10.0       0.0       0.0       0.0         0
      1217       0.0       0.0     -10.0       0.0       0.0       0.0         0
      1218       0.0       0.0     -10.0       0.0       0.0       0.0         0
      1219       0.0       0.0     -10.0       0.0       0.0       0.0         0
      1220       0.0       0.0     -10.0       0.0       0.0       0.0         0
      1221       0.0       0.0     -10.0       0.0       0.0       0.0         0
      1222       0.0       0.0     -10.0       0.0       0.0       0.0         0
      1223       0.0       0.0     -10.0       0.0       0.0       0.0         0
      1224       0.0       0.0     -10.0       0.0       0.0       0.0         0
      1225       0.0       0.0     -10.0       0.0       0.0       0.0         0
      1226       0.0       0.0     -10.0       0.0       0.0       0.0         0
      1227       0.0       0.0     -10.0       0.0       0.0       0.0         0
      1228       0.0       0.0     -10.0       0.0       0.0       0.0         0
      1229       0.0       0.0     -10.0       0.0       0.0       0.0         0
      1230       0.0       0.0     -10.0       0.0       0.0       0.0         0
      1231       0.0       0.0     -10.0       0.0       0.0       0.0         0
      1232       0.0       0.0     -10.0       0.0       0.0       0.0         0
      1233       0.0       0.0     -10.0       0.0       0.0       0.0         0
      1234       0.0       0.0     -10.0       0.0       0.0       0.0         0
      1235       0.0       0.0     -10.0       0.0       0.0       0.0         0
      1236       0.0       0.0     -10.0       0.0       0.0       0.0         0
      1237       0.0       0.0     -10.0       0.0       0.0       0.0         0
      1238       0.0       0.0     -10.0       0.0       0.0       0.0         0
      1239       0.0       0.0     -10.0       0.0       0.0       0.0         0
      1240       0.0       0.0     -10.0       0.0       0.0       0.0         0
      1241       0.0       0.0     -10.0       0.0       0.0       0.0         0
      1242       0.0       0.0     -10.0       0.0       0.0       0.0         0
      1243       0.0       0.0     -10.0       0.0       0.0       0.0         0
      1244       0.0       0.0     -10.0       0.0       0.0       0.0         0
      1245       0.0       0.0     -10.0       0.0       0.0       0.0         0
      1246       0.0       0.0     -10.0       0.0       0.0       0.0         0
      1247       0.0       0.0     -10.0       0.0       0.0       0.0         0
      1248       0.0       0.0     -10.0       0.0       0.0       0.0         0
      1249       0.0       0.0     -10.0       0.0       0.0       0.0         0
      1250       0.0       0.0     -10.0       0.0       0.0       0.0         0
      1251       0.0       0.0     -10.0       0.0       0.0       0.0         0
      1252       0.0       0.0     -10.0       0.0       0.0       0.0         0
      1253       0.0       0.0     -10.0       0.0       0.0       0.0         0
      1254       0.0       0.0     -10.0       0.0       0.0       0.0         0
      1255       0.0       0.0     -10.0       0.0       0.0       0.0         0
      1256       0.0       0.0     -10.0       0.0       0.0       0.0         0
      1257       0.0       0.0     -10.0       0.0       0.0       0.0         0
      1258       0.0       0.0     -10.0       0.0       0.0       0.0         0
      1259       0.0       0.0     -10.0       0.0       0.0       0.0         0
      1260       0.0       0.0     -10.0       0.0       0.0       0.0         0
      1261       0.0       0.0     -10.0       0.0       0.0       0.0         0
      1262       0.0       0.0     -10.0       0.0       0.0       0.0         0
      1263       0.0       0.0     -10.0       0.0       0.0       0.0         0
      1264       0.0       0.0     -10.0       0.0       0.0       0.0         0
      1265       0.0       0.0     -10.0       0.0       0.0       0.0         0
      1266       0.0       0.0     -10.0       0.0       0.0       0.0         0
      1267       0.0       0.0     -10.0       0.0       0.0       0.0         0
      1268       0.0       0.0     -10.0       0.0       0.0       0.0         0
      1269       0.0       0.0     -10.0       0.0       0.0       0.0         0
      1270       0.0       0.0     -10.0       0.0       0.0       0.0         0
      1271       0.0       0.0     -10.0       0.0       0.0       0.0         0
      1272       0.0       0.0     -10.0       0.0       0.0       0.0         0
      1273       0.0       0.0     -10.0       0.0       0.0       0.0         0
      1274       0.0       0.0     -10.0       0.0       0.0       0.0         0
      1275       0.0       0.0     -10.0       0.0       0.0       0.0         0
      1276       0.0       0.0     -10.0       0.0       0.0       0.0         0
      1277       0.0       0.0     -10.0       0.0       0.0       0.0         0
      1278       0.0       0.0     -10.0       0.0       0.0       0.0         0
      1279       0.0       0.0     -10.0       0.0       0.0       0.0         0
      1280       0.0       0.0     -10.0       0.0       0.0       0.0         0
      1281       0.0       0.0     -10.0       0.0       0.0       0.0         0
      1282       0.0       0.0     -10.0       0.0       0.0       0.0         0
      1283       0.0       0.0     -10.0       0.0       0.0       0.0         0
      1284       0.0       0.0     -10.0       0.0       0.0       0.0         0
      1285       0.0       0.0     -10.0       0.0       0.0       0.0         0
      1286       0.0       0.0     -10.0       0.0       0.0       0.0         0
      1287       0.0       0.0     -10.0       0.0       0.0       0.0         0
      1288       0.0       0.0     -10.0       0.0       0.0       0.0         0
      1289       0.0       0.0     -10.0       0.0       0.0       0.0         0
      1290       0.0       0.0     -10.0       0.0       0.0       0.0         0
      1291       0.0       0.0     -10.0       0.0       0.0       0.0         0
      1292       0.0       0.0     -10.0       0.0       0.0       0.0         0
      1293       0.0       0.0     -10.0       0.0       0.0       0.0         0
      1294       0.0       0.0     -10.0       0.0       0.0       0.0         0
      1295       0.0       0.0     -10.0       0.0       0.0       0.0         0
      1296       0.0       0.0     -10.0       0.0       0.0       0.0         0
      1297       0.0       0.0     -10.0       0.0       0.0       0.0         0
      1298       0.0       0.0     -10.0       0.0       0.0       0.0         0
      1299       0.0       0.0     -10.0       0.0       0.0       0.0         0
      1300       0.0       0.0     -10.0       0.0       0.0       0.0         0
      1301       0.0       0.0     -10.0       0.0       0.0       0.0         0
      1302       0.0       0.0     -10.0       0.0       0.0       0.0         0
      1303       0.0       0.0     -10.0       0.0       0.0       0.0         0
      1304       0.0       0.0     -10.0       0.0       0.0       0.0         0
      1305       0.0       0.0     -10.0       0.0       0.0       0.0         0
      1306       0.0       0.0     -10.0       0.0       0.0       0.0         0
      1307       0.0       0.0     -10.0       0.0       0.0       0.0         0
      1308       0.0       0.0     -10.0       0.0       0.0       0.0         0
      1309       0.0       0.0     -10.0       0.0       0.0       0.0         0
      1310       0.0       0.0     -10.0       0.0       0.0       0.0         0
      1311       0.0       0.0     -10.0       0.0       0.0       0.0         0
      1312       0.0       0.0     -10.0       0.0       0.0       0.0         0
      1313       0.0       0.0     -10.0       0.0       0.0       0.0         0
      1314       0.0       0.0     -10.0       0.0       0.0       0.0         0
      1315       0.0       0.0     -10.0       0.0       0.0       0.0         0
      1316       0.0       0.0     -10.0       0.0       0.0       0.0         0
      1317       0.0       0.0     -10.0       0.0       0.0       0.0         0
      1318       0.0       0.0     -10.0       0.0       0.0       0.0         0
      1319       0.0       0.0     -10.0       0.0       0.0       0.0         0
      1320       0.0       0.0     -10.0       0.0       0.0       0.0         0
      1321       0.0       0.0     -10.0       0.0       0.0       0.0         0
      1322       0.0       0.0     -10.0       0.0       0.0       0.0         0
      1323       0.0       0.0     -10.0       0.0       0.0       0.0         0
      1324       0.0       0.0     -10.0       0.0       0.0       0.0         0
      1325       0.0       0.0     -10.0       0.0       0.0       0.0         0
      1326       0.0       0.0     -10.0       0.0       0.0       0.0         0
      1327       0.0       0.0     -10.0       0.0       0.0       0.0         0
      1328       0.0       0.0     -10.0       0.0       0.0       0.0         0
      1329       0.0       0.0     -10.0       0.0       0.0       0.0         0
      1330       0.0       0.0     -10.0       0.0       0.0       0.0         0
      1331       0.0       0.0     -10.0       0.0       0.0       0.0         0
      1332       0.0       0.0     -10.0       0.0       0.0       0.0         0
      1333       0.0       0.0     -10.0       0.0       0.0       0.0         0
      1334       0.0       0.0     -10.0       0.0       0.0       0.0         0
      1335       0.0       0.0     -10.0       0.0       0.0       0.0         0
      1336       0.0       0.0     -10.0       0.0       0.0       0.0         0
      1337       0.0       0.0     -10.0       0.0       0.0       0.0         0
      1338       0.0       0.0     -10.0       0.0       0.0       0.0         0
      1339       0.0       0.0     -10.0       0.0       0.0       0.0         0
      1340       0.0       0.0     -10.0       0.0       0.0       0.0         0
      1341       0.0       0.0     -10.0       0.0       0.0       0.0         0
      1342       0.0       0.0     -10.0       0.0       0.0       0.0         0
      1343       0.0       0.0     -10.0       0.0       0.0       0.0         0
      1344       0.0       0.0     -10.0       0.0       0.0       0.0         0
      1345       0.0       0.0     -10.0       0.0       0.0       0.0         0
      1346       0.0       0.0     -10.0       0.0       0.0       0.0         0
      1347       0.0       0.0     -10.0       0.0       0.0       0.0         0
      1348       0.0       0.0     -10.0       0.0       0.0       0.0         0
      1349       0.0       0.0     -10.0       0.0       0.0       0.0         0
      1350       0.0       0.0     -10.0       0.0       0.0       0.0         0
      1351       0.0       0.0     -10.0       0.0       0.0       0.0         0
      1352       0.0       0.0     -10.0       0.0       0.0       0.0         0
      1353       0.0       0.0     -10.0       0.0       0.0       0.0         0
      1354       0.0       0.0     -10.0       0.0       0.0       0.0         0
      1355       0.0       0.0     -10.0       0.0       0.0       0.0         0
      1356       0.0       0.0     -10.0       0.0       0.0       0.0         0
      1357       0.0       0.0     -10.0       0.0       0.0       0.0         0
      1358       0.0       0.0     -10.0       0.0       0.0       0.0         0
      1359       0.0       0.0     -10.0       0.0       0.0       0.0         0
      1360       0.0       0.0     -10.0       0.0       0.0       0.0         0
      1361       0.0       0.0     -10.0       0.0       0.0       0.0         0
      1362       0.0       0.0     -10.0       0.0       0.0       0.0         0
      1363       0.0       0.0     -10.0       0.0       0.0       0.0         0
      1364       0.0       0.0     -10.0       0.0       0.0       0.0         0
      1365       0.0       0.0     -10.0       0.0       0.0       0.0         0
      1366       0.0       0.0     -10.0       0.0       0.0       0.0         0
      1367       0.0       0.0     -10.0       0.0       0.0       0.0         0
      1368       0.0       0.0     -10.0       0.0       0.0       0.0         0
      1369       0.0       0.0     -10.0       0.0       0.0       0.0         0
      1370       0.0       0.0     -10.0       0.0       0.0       0.0         0
      1371       0.0       0.0     -10.0       0.0       0.0       0.0         0
      1372       0.0       0.0     -10.0       0.0       0.0       0.0         0
      1373       0.0       0.0     -10.0       0.0       0.0       0.0         0
      1374       0.0       0.0     -10.0       0.0       0.0       0.0         0
      1375       0.0       0.0     -10.0       0.0       0.0       0.0         0
      1376       0.0       0.0     -10.0       0.0       0.0       0.0         0
      1377       0.0       0.0     -10.0       0.0       0.0       0.0         0
      1378       0.0       0.0     -10.0       0.0       0.0       0.0         0
      1379       0.0       0.0     -10.0       0.0       0.0       0.0         0
      1380       0.0       0.0     -10.0       0.0       0.0       0.0         0
      1381       0.0       0.0     -10.0       0.0       0.0       0.0         0
      1382       0.0       0.0     -10.0       0.0       0.0       0.0         0
      1383       0.0       0.0     -10.0       0.0       0.0       0.0         0
      1384       0.0       0.0     -10.0       0.0       0.0       0.0         0
      1385       0.0       0.0     -10.0       0.0       0.0       0.0         0
      1386       0.0       0.0     -10.0       0.0       0.0       0.0         0
      1387       0.0       0.0     -10.0       0.0       0.0       0.0         0
      1388       0.0       0.0     -10.0       0.0       0.0       0.0         0
      1389       0.0       0.0     -10.0       0.0       0.0       0.0         0
      1390       0.0       0.0     -10.0       0.0       0.0       0.0         0
      1391       0.0       0.0     -10.0       0.0       0.0       0.0         0
      1392       0.0       0.0     -10.0       0.0       0.0       0.0         0
      1393       0.0       0.0     -10.0       0.0       0.0       0.0         0
      1394       0.0       0.0     -10.0       0.0       0.0       0.0         0
      1395       0.0       0.0     -10.0       0.0       0.0       0.0         0
      1396       0.0       0.0     -10.0       0.0       0.0       0.0         0
      1397       0.0       0.0     -10.0       0.0       0.0       0.0         0
      1398       0.0       0.0     -10.0       0.0       0.0       0.0         0
      1399       0.0       0.0     -10.0       0.0       0.0       0.0         0
      1400       0.0       0.0     -10.0       0.0       0.0       0.0         0
      1401       0.0       0.0     -10.0       0.0       0.0       0.0         0
      1402       0.0       0.0     -10.0       0.0       0.0       0.0         0
      1403       0.0       0.0     -10.0       0.0       0.0       0.0         0
      1404       0.0       0.0     -10.0       0.0       0.0       0.0         0
      1405       0.0       0.0     -10.0       0.0       0.0       0.0         0
      1406       0.0       0.0     -10.0       0.0       0.0       0.0         0
      1407       0.0       0.0     -10.0       0.0       0.0       0.0         0
      1408       0.0       0.0     -10.0       0.0       0.0       0.0         0
      1409       0.0       0.0     -10.0       0.0       0.0       0.0         0
      1410       0.0       0.0     -10.0       0.0       0.0       0.0         0
      1411       0.0       0.0     -10.0       0.0       0.0       0.0         0
      1412       0.0       0.0     -10.0       0.0       0.0       0.0         0
      1413       0.0       0.0     -10.0       0.0       0.0       0.0         0
      1414       0.0       0.0     -10.0       0.0       0.0       0.0         0
      1415       0.0       0.0     -10.0       0.0       0.0       0.0         0
      1416       0.0       0.0     -10.0       0.0       0.0       0.0         0
      1417       0.0       0.0     -10.0       0.0       0.0       0.0         0
      1418       0.0       0.0     -10.0       0.0       0.0       0.0         0
      1419       0.0       0.0     -10.0       0.0       0.0       0.0         0
      1420       0.0       0.0     -10.0       0.0       0.0       0.0         0
      1421       0.0       0.0     -10.0       0.0       0.0       0.0         0
      1422       0.0       0.0     -10.0       0.0       0.0       0.0         0
      1423       0.0       0.0     -10.0       0.0       0.0       0.0         0
      1424       0.0       0.0     -10.0       0.0       0.0       0.0         0
      1425       0.0       0.0     -10.0       0.0       0.0       0.0         0
      1426       0.0       0.0     -10.0       0.0       0.0       0.0         0
      1427       0.0       0.0     -10.0       0.0       0.0       0.0         0
      1428       0.0       0.0     -10.0       0.0       0.0       0.0         0
      1429       0.0       0.0     -10.0       0.0       0.0       0.0         0
      1430       0.0       0.0     -10.0       0.0       0.0       0.0         0
      1431       0.0       0.0     -10.0       0.0       0.0       0.0         0
      1432       0.0       0.0     -10.0       0.0       0.0       0.0         0
      1433       0.0       0.0     -10.0       0.0       0.0       0.0         0
      1434       0.0       0.0     -10.0       0.0       0.0       0.0         0
      1435       0.0       0.0     -10.0       0.0       0.0       0.0         0
      1436       0.0       0.0     -10.0       0.0       0.0       0.0         0
      1437       0.0       0.0     -10.0       0.0       0.0       0.0         0
      1438       0.0       0.0     -10.0       0.0       0.0       0.0         0
      1439       0.0       0.0     -10.0       0.0       0.0       0.0         0
      1440       0.0       0.0     -10.0       0.0       0.0       0.0         0
      1441       0.0       0.0     -10.0       0.0       0.0       0.0         0
      1442       0.0       0.0     -10.0       0.0       0.0       0.0         0
      1443       0.0       0.0     -10.0       0.0       0.0       0.0         0
      1444       0.0       0.0     -10.0       0.0       0.0       0.0         0
      1445       0.0       0.0     -10.0       0.0       0.0       0.0         0
      1446       0.0       0.0     -10.0       0.0       0.0       0.0         0
      1447       0.0       0.0     -10.0       0.0       0.0       0.0         0
      1448       0.0       0.0     -10.0       0.0       0.0       0.0         0
      1449       0.0       0.0     -10.0       0.0       0.0       0.0         0
      1450       0.0       0.0     -10.0       0.0       0.0       0.0         0
      1451       0.0       0.0     -10.0       0.0       0.0       0.0         0
      1452       0.0       0.0     -10.0       0.0       0.0       0.0         0
      1453       0.0       0.0     -10.0       0.0       0.0       0.0         0
      1454       0.0       0.0     -10.0       0.0       0.0       0.0         0
      1455       0.0       0.0     -10.0       0.0       0.0       0.0         0
      1456       0.0       0.0     -10.0       0.0       0.0       0.0         0
      1457       0.0       0.0     -10.0       0.0       0.0       0.0         0
      1458       0.0       0.0     -10.0       0.0       0.0       0.0         0
      1459       0.0       0.0     -10.0       0.0       0.0       0.0         0
      1460       0.0       0.0     -10.0       0.0       0.0       0.0         0
      1461       0.0       0.0     -10.0       0.0       0.0       0.0         0
      1462       0.0       0.0     -10.0       0.0       0.0       0.0         0
      1463       0.0       0.0     -10.0       0.0       0.0       0.0         0
      1464       0.0       0.0     -10.0       0.0       0.0       0.0         0
      1465       0.0       0.0     -10.0       0.0       0.0       0.0         0
      1466       0.0       0.0     -10.0       0.0       0.0       0.0         0
      1467       0.0       0.0     -10.0       0.0       0.0       0.0         0
      1468       0.0       0.0     -10.0       0.0       0.0       0.0         0
      1469       0.0       0.0     -10.0       0.0       0.0       0.0         0
      1470       0.0       0.0     -10.0       0.0       0.0       0.0         0
      1471       0.0       0.0     -10.0       0.0       0.0       0.0         0
      1472       0.0       0.0     -10.0       0.0       0.0       0.0         0
      1473       0.0       0.0     -10.0       0.0       0.0       0.0         0
      1474       0.0       0.0     -10.0       0.0       0.0       0.0         0
      1475       0.0       0.0     -10.0       0.0       0.0       0.0         0
      1476       0.0       0.0     -10.0       0.0       0.0       0.0         0
      1477       0.0       0.0     -10.0       0.0       0.0       0.0         0
      1478       0.0       0.0     -10.0       0.0       0.0       0.0         0
      1479       0.0       0.0     -10.0       0.0       0.0       0.0         0
      1480       0.0       0.0     -10.0       0.0       0.0       0.0         0
      1481       0.0       0.0     -10.0       0.0       0.0       0.0         0
      1482       0.0       0.0     -10.0       0.0       0.0       0.0         0
      1483       0.0       0.0     -10.0       0.0       0.0       0.0         0
      1484       0.0       0.0     -10.0       0.0       0.0       0.0         0
      1485       0.0       0.0     -10.0       0.0       0.0       0.0         0
      1486       0.0       0.0     -10.0       0.0       0.0       0.0         0
      1487       0.0       0.0     -10.0       0.0       0.0       0.0         0
      1488       0.0       0.0     -10.0       0.0       0.0       0.0         0
      1489       0.0       0.0     -10.0       0.0       0.0       0.0         0
      1490       0.0       0.0     -10.0       0.0       0.0       0.0         0
      1491       0.0       0.0     -10.0       0.0       0.0       0.0         0
      1492       0.0       0.0     -10.0       0.0       0.0       0.0         0
      1493       0.0       0.0     -10.0       0.0       0.0       0.0         0
      1494       0.0       0.0     -10.0       0.0       0.0       0.0         0
      1495       0.0       0.0     -10.0       0.0       0.0       0.0         0
      1496       0.0       0.0     -10.0       0.0       0.0       0.0         0
      1497       0.0       0.0     -10.0       0.0       0.0       0.0         0
      1498       0.0       0.0     -10.0       0.0       0.0       0.0         0
      1499       0.0       0.0     -10.0       0.0       0.0       0.0         0
      1500       0.0       0.0     -10.0       0.0       0.0       0.0         0
      1501       0.0       0.0     -10.0       0.0       0.0       0.0         0
      1502       0.0       0.0     -10.0       0.0       0.0       0.0         0
      1503       0.0       0.0     -10.0       0.0       0.0       0.0         0
      1504       0.0       0.0     -10.0       0.0       0.0       0.0         0
      1505       0.0       0.0     -10.0       0.0       0.0       0.0         0
      1506       0.0       0.0     -10.0       0.0       0.0       0.0         0
      1507       0.0       0.0     -10.0       0.0       0.0       0.0         0
      1508       0.0       0.0     -10.0       0.0       0.0       0.0         0
      1509       0.0       0.0     -10.0       0.0       0.0       0.0         0
      1510       0.0       0.0     -10.0       0.0       0.0       0.0         0
      1511       0.0       0.0     -10.0       0.0       0.0       0.0         0
      1512       0.0       0.0     -10.0       0.0       0.0       0.0         0
      1513       0.0       0.0     -10.0       0.0       0.0       0.0         0
      1514       0.0       0.0     -10.0       0.0       0.0       0.0         0
      1515       0.0       0.0     -10.0       0.0       0.0       0.0         0
      1516       0.0       0.0     -10.0       0.0       0.0       0.0         0
      1517       0.0       0.0     -10.0       0.0       0.0       0.0         0
      1518       0.0       0.0     -10.0       0.0       0.0       0.0         0
      1519       0.0       0.0     -10.0       0.0       0.0       0.0         0
      1520       0.0       0.0     -10.0       0.0       0.0       0.0         0
      1521       0.0       0.0     -10.0       0.0       0.0       0.0         0
      1522       0.0       0.0     -10.0       0.0       0.0       0.0         0
      1523       0.0       0.0     -10.0       0.0       0.0       0.0         0
      1524       0.0       0.0     -10.0       0.0       0.0       0.0         0
      1525       0.0       0.0     -10.0       0.0       0.0       0.0         0
      1526       0.0       0.0     -10.0       0.0       0.0       0.0         0
      1527       0.0       0.0     -10.0       0.0       0.0       0.0         0
      1528       0.0       0.0     -10.0       0.0       0.0       0.0         0
      1529       0.0       0.0     -10.0       0.0       0.0       0.0         0
      1530       0.0       0.0     -10.0       0.0       0.0       0.0         0
      1531       0.0       0.0     -10.0       0.0       0.0       0.0         0
      1532       0.0       0.0     -10.0       0.0       0.0       0.0         0
      1533       0.0       0.0     -10.0       0.0       0.0       0.0         0
      1534       0.0       0.0     -10.0       0.0       0.0       0.0         0
      1535       0.0       0.0     -10.0       0.0       0.0       0.0         0
      1536       0.0       0.0     -10.0       0.0       0.0       0.0         0
      1537       0.0       0.0     -10.0       0.0       0.0       0.0         0
      1538       0.0       0.0     -10.0       0.0       0.0       0.0         0
      1539       0.0       0.0     -10.0       0.0       0.0       0.0         0
      1540       0.0       0.0     -10.0       0.0       0.0       0.0         0
      1541       0.0       0.0     -10.0       0.0       0.0       0.0         0
      1542       0.0       0.0     -10.0       0.0       0.0       0.0         0
      1543       0.0       0.0     -10.0       0.0       0.0       0.0         0
      1544       0.0       0.0     -10.0       0.0       0.0       0.0         0
      1545       0.0       0.0     -10.0       0.0       0.0       0.0         0
      1546       0.0       0.0     -10.0       0.0       0.0       0.0         0
      1547       0.0       0.0     -10.0       0.0       0.0       0.0         0
      1548       0.0       0.0     -10.0       0.0       0.0       0.0         0
      1549       0.0       0.0     -10.0       0.0       0.0       0.0         0
      1550       0.0       0.0     -10.0       0.0       0.0       0.0         0
      1551       0.0       0.0     -10.0       0.0       0.0       0.0         0
      1552       0.0       0.0     -10.0       0.0       0.0       0.0         0
      1553       0.0       0.0     -10.0       0.0       0.0       0.0         0
      1554       0.0       0.0     -10.0       0.0       0.0       0.0         0
      1555       0.0       0.0     -10.0       0.0       0.0       0.0         0
      1556       0.0       0.0     -10.0       0.0       0.0       0.0         0
      1557       0.0       0.0     -10.0       0.0       0.0       0.0         0
      1558       0.0       0.0     -10.0       0.0       0.0       0.0         0
      1559       0.0       0.0     -10.0       0.0       0.0       0.0         0
      1560       0.0       0.0     -10.0       0.0       0.0       0.0         0
      1561       0.0       0.0     -10.0       0.0       0.0       0.0         0
      1562       0.0       0.0     -10.0       0.0       0.0       0.0         0
      1563       0.0       0.0     -10.0       0.0       0.0       0.0         0
      1564       0.0       0.0     -10.0       0.0       0.0       0.0         0
      1565       0.0       0.0     -10.0       0.0       0.0       0.0         0
      1566       0.0       0.0     -10.0       0.0       0.0       0.0         0
      1567       0.0       0.0     -10.0       0.0       0.0       0.0         0
      1568       0.0       0.0     -10.0       0.0       0.0       0.0         0
      1569       0.0       0.0     -10.0       0.0       0.0       0.0         0
      1570       0.0       0.0     -10.0       0.0       0.0       0.0         0
      1571       0.0       0.0     -10.0       0.0       0.0       0.0         0
      1572       0.0       0.0     -10.0       0.0       0.0       0.0         0
      1573       0.0       0.0     -10.0       0.0       0.0       0.0         0
      1574       0.0       0.0     -10.0       0.0       0.0       0.0         0
      1575       0.0       0.0     -10.0       0.0       0.0       0.0         0
      1576       0.0       0.0     -10.0       0.0       0.0       0.0         0
      1577       0.0       0.0     -10.0       0.0       0.0       0.0         0
      1578       0.0       0.0     -10.0       0.0       0.0       0.0         0
      1579       0.0       0.0     -10.0       0.0       0.0       0.0         0
      1580       0.0       0.0     -10.0       0.0       0.0       0.0         0
      1581       0.0       0.0     -10.0       0.0       0.0       0.0         0
      1582       0.0       0.0     -10.0       0.0       0.0       0.0         0
      1583       0.0       0.0     -10.0       0.0       0.0       0.0         0
      1584       0.0       0.0     -10.0       0.0       0.0       0.0         0
      1585       0.0       0.0     -10.0       0.0       0.0       0.0         0
      1586       0.0       0.0     -10.0       0.0       0.0       0.0         0
      1587       0.0       0.0     -10.0       0.0       0.0       0.0         0
      1588       0.0       0.0     -10.0       0.0       0.0       0.0         0
      1589       0.0       0.0     -10.0       0.0       0.0       0.0         0
      1590       0.0       0.0     -10.0       0.0       0.0       0.0         0
      1591       0.0       0.0     -10.0       0.0       0.0       0.0         0
      1592       0.0       0.0     -10.0       0.0       0.0       0.0         0
      1593       0.0       0.0     -10.0       0.0       0.0       0.0         0
      1594       0.0       0.0     -10.0       0.0       0.0       0.0         0
      1595       0.0       0.0     -10.0       0.0       0.0       0.0         0
      1596       0.0       0.0     -10.0       0.0       0.0       0.0         0
      1597       0.0       0.0     -10.0       0.0       0.0       0.0         0
      1598       0.0       0.0     -10.0       0.0       0.0       0.0         0
      1599       0.0       0.0     -10.0       0.0       0.0       0.0         0
      1600       0.0       0.0     -10.0       0.0       0.0       0.0         0
      1601       0.0       0.0     -10.0       0.0       0.0       0.0         0
      1602       0.0       0.0     -10.0       0.0       0.0       0.0         0
      1603       0.0       0.0     -10.0       0.0       0.0       0.0         0
      1604       0.0       0.0     -10.0       0.0       0.0       0.0         0
      1605       0.0       0.0     -10.0       0.0       0.0       0.0         0
      1606       0.0       0.0     -10.0       0.0       0.0       0.0         0
      1607       0.0       0.0     -10.0       0.0       0.0       0.0         0
      1608       0.0       0.0     -10.0       0.0       0.0       0.0         0
      1609       0.0       0.0     -10.0       0.0       0.0       0.0         0
      1610       0.0       0.0     -10.0       0.0       0.0       0.0         0
      1611       0.0       0.0     -10.0       0.0       0.0       0.0         0
      1612       0.0       0.0     -10.0       0.0       0.0       0.0         0
      1613       0.0       0.0     -10.0       0.0       0.0       0.0         0
      1614       0.0       0.0     -10.0       0.0       0.0       0.0         0
      1615       0.0       0.0     -10.0       0.0       0.0       0.0         0
      1616       0.0       0.0     -10.0       0.0       0.0       0.0         0
      1617       0.0       0.0     -10.0       0.0       0.0       0.0         0
      1618       0.0       0.0     -10.0       0.0       0.0       0.0         0
      1619       0.0       0.0     -10.0       0.0       0.0       0.0         0
      1620       0.0       0.0     -10.0       0.0       0.0       0.0         0
      1621       0.0       0.0     -10.0       0.0       0.0       0.0         0
      1622       0.0       0.0     -10.0       0.0       0.0       0.0         0
      1623       0.0       0.0     -10.0       0.0       0.0       0.0         0
      1624       0.0       0.0     -10.0       0.0       0.0       0.0         0
      1625       0.0       0.0     -10.0       0.0       0.0       0.0         0
      1626       0.0       0.0     -10.0       0.0       0.0       0.0         0
      1627       0.0       0.0     -10.0       0.0       0.0       0.0         0
      1628       0.0       0.0     -10.0       0.0       0.0       0.0         0
      1629       0.0       0.0     -10.0       0.0       0.0       0.0         0
      1630       0.0       0.0     -10.0       0.0       0.0       0.0         0
      1631       0.0       0.0     -10.0       0.0       0.0       0.0         0
      1632       0.0       0.0     -10.0       0.0       0.0       0.0         0
      1633       0.0       0.0     -10.0       0.0       0.0       0.0         0
      1634       0.0       0.0     -10.0       0.0       0.0       0.0         0
      1635       0.0       0.0     -10.0       0.0       0.0       0.0         0
      1636       0.0       0.0     -10.0       0.0       0.0       0.0         0
      1637       0.0       0.0     -10.0       0.0       0.0       0.0         0
      1638       0.0       0.0     -10.0       0.0       0.0       0.0         0
      1639       0.0       0.0     -10.0       0.0       0.0       0.0         0
      1640       0.0       0.0     -10.0       0.0       0.0       0.0         0
      1641       0.0       0.0     -10.0       0.0       0.0       0.0         0
      1642       0.0       0.0     -10.0       0.0       0.0       0.0         0
      1643       0.0       0.0     -10.0       0.0       0.0       0.0         0
      1644       0.0       0.0     -10.0       0.0       0.0       0.0         0
      1645       0.0       0.0     -10.0       0.0       0.0       0.0         0
      1646       0.0       0.0     -10.0       0.0       0.0       0.0         0
      1647       0.0       0.0     -10.0       0.0       0.0       0.0         0
      1648       0.0       0.0     -10.0       0.0       0.0       0.0         0
      1649       0.0       0.0     -10.0       0.0       0.0       0.0         0
      1650       0.0       0.0     -10.0       0.0       0.0       0.0         0
      1651       0.0       0.0     -10.0       0.0       0.0       0.0         0
      1652       0.0       0.0     -10.0       0.0       0.0       0.0         0
      1653       0.0       0.0     -10.0       0.0       0.0       0.0         0
      1654       0.0       0.0     -10.0       0.0       0.0       0.0         0
      1655       0.0       0.0     -10.0       0.0       0.0       0.0         0
      1656       0.0       0.0     -10.0       0.0       0.0       0.0         0
      1657       0.0       0.0     -10.0       0.0       0.0       0.0         0
      1658       0.0       0.0     -10.0       0.0       0.0       0.0         0
      1659       0.0       0.0     -10.0       0.0       0.0       0.0         0
      1660       0.0       0.0     -10.0       0.0       0.0       0.0         0
      1661       0.0       0.0     -10.0       0.0       0.0       0.0         0
      1662       0.0       0.0     -10.0       0.0       0.0       0.0         0
      1663       0.0       0.0     -10.0       0.0       0.0       0.0         0
      1664       0.0       0.0     -10.0       0.0       0.0       0.0         0
      1665       0.0       0.0     -10.0       0.0       0.0       0.0         0
      1666       0.0       0.0     -10.0       0.0       0.0       0.0         0
      1667       0.0       0.0     -10.0       0.0       0.0       0.0         0
      1668       0.0       0.0     -10.0       0.0       0.0       0.0         0
      1669       0.0       0.0     -10.0       0.0       0.0       0.0         0
      1670       0.0       0.0     -10.0       0.0       0.0       0.0         0
      1671       0.0       0.0     -10.0       0.0       0.0       0.0         0
      1672       0.0       0.0     -10.0       0.0       0.0       0.0         0
      1673       0.0       0.0     -10.0       0.0       0.0       0.0         0
      1674       0.0       0.0     -10.0       0.0       0.0       0.0         0
      1675       0.0       0.0     -10.0       0.0       0.0       0.0         0
      1676       0.0       0.0     -10.0       0.0       0.0       0.0         0
      1677       0.0       0.0     -10.0       0.0       0.0       0.0         0
      1678       0.0       0.0     -10.0       0.0       0.0       0.0         0
      1679       0.0       0.0     -10.0       0.0       0.0       0.0         0
      1680       0.0       0.0     -10.0       0.0       0.0       0.0         0
      1681       0.0       0.0     -10.0       0.0       0.0       0.0         0
      1682       0.0       0.0     -10.0       0.0       0.0       0.0         0
      1683       0.0       0.0     -10.0       0.0       0.0       0.0         0
      1684       0.0       0.0     -10.0       0.0       0.0       0.0         0
      1685       0.0       0.0     -10.0       0.0       0.0       0.0         0
      1686       0.0       0.0     -10.0       0.0       0.0       0.0         0
      1687       0.0       0.0     -10.0       0.0       0.0       0.0         0
      1688       0.0       0.0     -10.0       0.0       0.0       0.0         0
      1689       0.0       0.0     -10.0       0.0       0.0       0.0         0
      1690       0.0       0.0     -10.0       0.0       0.0       0.0         0
      1691       0.0       0.0     -10.0       0.0       0.0       0.0         0
      1692       0.0       0.0     -10.0       0.0       0.0       0.0         0
      1693       0.0       0.0     -10.0       0.0       0.0       0.0         0
      1694       0.0       0.0     -10.0       0.0       0.0       0.0         0
      1695       0.0       0.0     -10.0       0.0       0.0       0.0         0
      1696       0.0       0.0     -10.0       0.0       0.0       0.0         0
      1697       0.0       0.0     -10.0       0.0       0.0       0.0         0
      1698       0.0       0.0     -10.0       0.0       0.0       0.0         0
      1699       0.0       0.0     -10.0       0.0       0.0       0.0         0
      1700       0.0       0.0     -10.0       0.0       0.0       0.0         0
      1701       0.0       0.0     -10.0       0.0       0.0       0.0         0
      1702       0.0       0.0     -10.0       0.0       0.0       0.0         0
      1703       0.0       0.0     -10.0       0.0       0.0       0.0         0
      1704       0.0       0.0     -10.0       0.0       0.0       0.0         0
      1705       0.0       0.0     -10.0       0.0       0.0       0.0         0
      1706       0.0       0.0     -10.0       0.0       0.0       0.0         0
      1707       0.0       0.0     -10.0       0.0       0.0       0.0         0
      1708       0.0       0.0     -10.0       0.0       0.0       0.0         0
      1709       0.0       0.0     -10.0       0.0       0.0       0.0         0
      1710       0.0       0.0     -10.0       0.0       0.0       0.0         0
      1711       0.0       0.0     -10.0       0.0       0.0       0.0         0
      1712       0.0       0.0     -10.0       0.0       0.0       0.0         0
      1713       0.0       0.0     -10.0       0.0       0.0       0.0         0
      1714       0.0       0.0     -10.0       0.0       0.0       0.0         0
      1715       0.0       0.0     -10.0       0.0       0.0       0.0         0
      1716       0.0       0.0     -10.0       0.0       0.0       0.0         0
      1717       0.0       0.0     -10.0       0.0       0.0       0.0         0
      1718       0.0       0.0     -10.0       0.0       0.0       0.0         0
      1719       0.0       0.0     -10.0       0.0       0.0       0.0         0
      1720       0.0       0.0     -10.0       0.0       0.0       0.0         0
      1721       0.0       0.0     -10.0       0.0       0.0       0.0         0
      1722       0.0       0.0     -10.0       0.0       0.0       0.0         0
      1723       0.0       0.0     -10.0       0.0       0.0       0.0         0
      1724       0.0       0.0     -10.0       0.0       0.0       0.0         0
      1725       0.0       0.0     -10.0       0.0       0.0       0.0         0
      1726       0.0       0.0     -10.0       0.0       0.0       0.0         0
      1727       0.0       0.0     -10.0       0.0       0.0       0.0         0
      1728       0.0       0.0     -10.0       0.0       0.0       0.0         0
      1729       0.0       0.0     -10.0       0.0       0.0       0.0         0
      1730       0.0       0.0     -10.0       0.0       0.0       0.0         0
      1731       0.0       0.0     -10.0       0.0       0.0       0.0         0
      1732       0.0       0.0     -10.0       0.0       0.0       0.0         0
      1733       0.0       0.0     -10.0       0.0       0.0       0.0         0
      1734       0.0       0.0     -10.0       0.0       0.0       0.0         0
      1735       0.0       0.0     -10.0       0.0       0.0       0.0         0
      1736       0.0       0.0     -10.0       0.0       0.0       0.0         0
      1737       0.0       0.0     -10.0       0.0       0.0       0.0         0
      1738       0.0       0.0     -10.0       0.0       0.0       0.0         0
      1739       0.0       0.0     -10.0       0.0       0.0       0.0         0
      1740       0.0       0.0     -10.0       0.0       0.0       0.0         0
      1741       0.0       0.0     -10.0       0.0       0.0       0.0         0
      1742       0.0       0.0     -10.0       0.0       0.0       0.0         0
      1743       0.0       0.0     -10.0       0.0       0.0       0.0         0
      1744       0.0       0.0     -10.0       0.0       0.0       0.0         0
      1745       0.0       0.0     -10.0       0.0       0.0       0.0         0
      1746       0.0       0.0     -10.0       0.0       0.0       0.0         0
      1747       0.0       0.0     -10.0       0.0       0.0       0.0         0
      1748       0.0       0.0     -10.0       0.0       0.0       0.0         0
      1749       0.0       0.0     -10.0       0.0       0.0       0.0         0
      1750       0.0       0.0     -10.0       0.0       0.0       0.0         0
      1751       0.0       0.0     -10.0       0.0       0.0       0.0         0
      1752       0.0       0.0     -10.0       0.0       0.0       0.0         0
      1753       0.0       0.0     -10.0       0.0       0.0       0.0         0
      1754       0.0       0.0     -10.0       0.0       0.0       0.0         0
      1755       0.0       0.0     -10.0       0.0       0.0       0.0         0
      1756       0.0       0.0     -10.0       0.0       0.0       0.0         0
      1757       0.0       0.0     -10.0       0.0       0.0       0.0         0
      1758       0.0       0.0     -10.0       0.0       0.0       0.0         0
      1759       0.0       0.0     -10.0       0.0       0.0       0.0         0
      1760       0.0       0.0     -10.0       0.0       0.0       0.0         0
      1761       0.0       0.0     -10.0       0.0       0.0       0.0         0
      1762       0.0       0.0     -10.0       0.0       0.0       0.0         0
      1763       0.0       0.0     -10.0       0.0       0.0       0.0         0
      1764       0.0       0.0     -10.0       0.0       0.0       0.0         0
      1765       0.0       0.0     -10.0       0.0       0.0       0.0         0
      1766       0.0       0.0     -10.0       0.0       0.0       0.0         0
      1767       0.0       0.0     -10.0       0.0       0.0       0.0         0
      1768       0.0       0.0     -10.0       0.0       0.0       0.0         0
      1769       0.0       0.0     -10.0       0.0       0.0       0.0         0
      1770       0.0       0.0     -10.0       0.0       0.0       0.0         0
      1771       0.0       0.0     -10.0       0.0       0.0       0.0         0
      1772       0.0       0.0     -10.0       0.0       0.0       0.0         0
      1773       0.0       0.0     -10.0       0.0       0.0       0.0         0
      1774       0.0       0.0     -10.0       0.0       0.0       0.0         0
      1775       0.0       0.0     -10.0       0.0       0.0       0.0         0
      1776       0.0       0.0     -10.0       0.0       0.0       0.0         0
      1777       0.0       0.0     -10.0       0.0       0.0       0.0         0
      1778       0.0       0.0     -10.0       0.0       0.0       0.0         0
      1779       0.0       0.0     -10.0       0.0       0.0       0.0         0
      1780       0.0       0.0     -10.0       0.0       0.0       0.0         0
      1781       0.0       0.0     -10.0       0.0       0.0       0.0         0
      1782       0.0       0.0     -10.0       0.0       0.0       0.0         0
      1783       0.0       0.0     -10.0       0.0       0.0       0.0         0
      1784       0.0       0.0     -10.0       0.0       0.0       0.0         0
      1785       0.0       0.0     -10.0       0.0       0.0       0.0         0
      1786       0.0       0.0     -10.0       0.0       0.0       0.0         0
      1787       0.0       0.0     -10.0       0.0       0.0       0.0         0
      1788       0.0       0.0     -10.0       0.0       0.0       0.0         0
      1789       0.0       0.0     -10.0       0.0       0.0       0.0         0
      1790       0.0       0.0     -10.0       0.0       0.0       0.0         0
      1791       0.0       0.0     -10.0       0.0       0.0       0.0         0
      1792       0.0       0.0     -10.0       0.0       0.0       0.0         0
      1793       0.0       0.0     -10.0       0.0       0.0       0.0         0
      1794       0.0       0.0     -10.0       0.0       0.0       0.0         0
      1795       0.0       0.0     -10.0       0.0       0.0       0.0         0
      1796       0.0       0.0     -10.0       0.0       0.0       0.0         0
      1797       0.0       0.0     -10.0       0.0       0.0       0.0         0
      1798       0.0       0.0     -10.0       0.0       0.0       0.0         0
      1799       0.0       0.0     -10.0       0.0       0.0       0.0         0
      1800       0.0       0.0     -10.0       0.0       0.0       0.0         0
      1801       0.0       0.0     -10.0       0.0       0.0       0.0         0
      1802       0.0       0.0     -10.0       0.0       0.0       0.0         0
      1803       0.0       0.0     -10.0       0.0       0.0       0.0         0
      1804       0.0       0.0     -10.0       0.0       0.0       0.0         0
      1805       0.0       0.0     -10.0       0.0       0.0       0.0         0
      1806       0.0       0.0     -10.0       0.0       0.0       0.0         0
      1807       0.0       0.0     -10.0       0.0       0.0       0.0         0
      1808       0.0       0.0     -10.0       0.0       0.0       0.0         0
      1809       0.0       0.0     -10.0       0.0       0.0       0.0         0
      1810       0.0       0.0     -10.0       0.0       0.0       0.0         0
      1811       0.0       0.0     -10.0       0.0       0.0       0.0         0
      1812       0.0       0.0     -10.0       0.0       0.0       0.0         0
      1813       0.0       0.0     -10.0       0.0       0.0       0.0         0
      1814       0.0       0.0     -10.0       0.0       0.0       0.0         0
      1815       0.0       0.0     -10.0       0.0       0.0       0.0         0
      1816       0.0       0.0     -10.0       0.0       0.0       0.0         0
      1817       0.0       0.0     -10.0       0.0       0.0       0.0         0
      1818       0.0       0.0     -10.0       0.0       0.0       0.0         0
      1819       0.0       0.0     -10.0       0.0       0.0       0.0         0
      1820       0.0       0.0     -10.0       0.0       0.0       0.0         0
      1821       0.0       0.0     -10.0       0.0       0.0       0.0         0
      1822       0.0       0.0     -10.0       0.0       0.0       0.0         0
      1823       0.0       0.0     -10.0       0.0       0.0       0.0         0
      1824       0.0       0.0     -10.0       0.0       0.0       0.0         0
      1825       0.0       0.0     -10.0       0.0       0.0       0.0         0
      1826       0.0       0.0     -10.0       0.0       0.0       0.0         0
      1827       0.0       0.0     -10.0       0.0       0.0       0.0         0
      1828       0.0       0.0     -10.0       0.0       0.0       0.0         0
      1829       0.0       0.0     -10.0       0.0       0.0       0.0         0
      1830       0.0       0.0     -10.0       0.0       0.0       0.0         0
      1831       0.0       0.0     -10.0       0.0       0.0       0.0         0
      1832       0.0       0.0     -10.0       0.0       0.0       0.0         0
      1833       0.0       0.0     -10.0       0.0       0.0       0.0         0
      1834       0.0       0.0     -10.0       0.0       0.0       0.0         0
      1835       0.0       0.0     -10.0       0.0       0.0       0.0         0
      1836       0.0       0.0     -10.0       0.0       0.0       0.0         0
      1837       0.0       0.0     -10.0       0.0       0.0       0.0         0
      1838       0.0       0.0     -10.0       0.0       0.0       0.0         0
      1839       0.0       0.0     -10.0       0.0       0.0       0.0         0
      1840       0.0       0.0     -10.0       0.0       0.0       0.0         0
      1841       0.0       0.0     -10.0       0.0       0.0       0.0         0
      1842       0.0       0.0     -10.0       0.0       0.0       0.0         0
      1843       0.0       0.0     -10.0       0.0       0.0       0.0         0
      1844       0.0       0.0     -10.0       0.0       0.0       0.0         0
      1845       0.0       0.0     -10.0       0.0       0.0       0.0         0
      1846       0.0       0.0     -10.0       0.0       0.0       0.0         0
      1847       0.0       0.0     -10.0       0.0       0.0       0.0         0
      1848       0.0       0.0     -10.0       0.0       0.0       0.0         0
      1849       0.0       0.0     -10.0       0.0       0.0       0.0         0
      1850       0.0       0.0     -10.0       0.0       0.0       0.0         0
      1851       0.0       0.0     -10.0       0.0       0.0       0.0         0
      1852       0.0       0.0     -10.0       0.0       0.0       0.0         0
      1853       0.0       0.0     -10.0       0.0       0.0       0.0         0
      1854       0.0       0.0     -10.0       0.0       0.0       0.0         0
      1855       0.0       0.0     -10.0       0.0       0.0       0.0         0
      1856       0.0       0.0     -10.0       0.0       0.0       0.0         0
      1857       0.0       0.0     -10.0       0.0       0.0       0.0         0
      1858       0.0       0.0     -10.0       0.0       0.0       0.0         0
      1859       0.0       0.0     -10.0       0.0       0.0       0.0         0
      1860       0.0       0.0     -10.0       0.0       0.0       0.0         0
      1861       0.0       0.0     -10.0       0.0       0.0       0.0         0
      1862       0.0       0.0     -10.0       0.0       0.0       0.0         0
      1863       0.0       0.0     -10.0       0.0       0.0       0.0         0
      1864       0.0       0.0     -10.0       0.0       0.0       0.0         0
      1865       0.0       0.0     -10.0       0.0       0.0       0.0         0
      1866       0.0       0.0     -10.0       0.0       0.0       0.0         0
      1867       0.0       0.0     -10.0       0.0       0.0       0.0         0
      1868       0.0       0.0     -10.0       0.0       0.0       0.0         0
      1869       0.0       0.0     -10.0       0.0       0.0       0.0         0
      1870       0.0       0.0     -10.0       0.0       0.0       0.0         0
      1871       0.0       0.0     -10.0       0.0       0.0       0.0         0
      1872       0.0       0.0     -10.0       0.0       0.0       0.0         0
      1873       0.0       0.0     -10.0       0.0       0.0       0.0         0
      1874       0.0       0.0     -10.0       0.0       0.0       0.0         0
      1875       0.0       0.0     -10.0       0.0       0.0       0.0         0
      1876       0.0       0.0     -10.0       0.0       0.0       0.0         0
      1877       0.0       0.0     -10.0       0.0       0.0       0.0         0
      1878       0.0       0.0     -10.0       0.0       0.0       0.0         0
      1879       0.0       0.0     -10.0       0.0       0.0       0.0         0
      1880       0.0       0.0     -10.0       0.0       0.0       0.0         0
      1881       0.0       0.0     -10.0       0.0       0.0       0.0         0
      1882       0.0       0.0     -10.0       0.0       0.0       0.0         0
      1883       0.0       0.0     -10.0       0.0       0.0       0.0         0
      1884       0.0       0.0     -10.0       0.0       0.0       0.0         0
      1885       0.0       0.0     -10.0       0.0       0.0       0.0         0
      1886       0.0       0.0     -10.0       0.0       0.0       0.0         0
      1887       0.0       0.0     -10.0       0.0       0.0       0.0         0
      1888       0.0       0.0     -10.0       0.0       0.0       0.0         0
      1889       0.0       0.0     -10.0       0.0       0.0       0.0         0
      1890       0.0       0.0     -10.0       0.0       0.0       0.0         0
      1891       0.0       0.0     -10.0       0.0       0.0       0.0         0
      1892       0.0       0.0     -10.0       0.0       0.0       0.0         0
      1893       0.0       0.0     -10.0       0.0       0.0       0.0         0
      1894       0.0       0.0     -10.0       0.0       0.0       0.0         0
      1895       0.0       0.0     -10.0       0.0       0.0       0.0         0
      1896       0.0       0.0     -10.0       0.0       0.0       0.0         0
      1897       0.0       0.0     -10.0       0.0       0.0       0.0         0
      1898       0.0       0.0     -10.0       0.0       0.0       0.0         0
      1899       0.0       0.0     -10.0       0.0       0.0       0.0         0
      1900       0.0       0.0     -10.0       0.0       0.0       0.0         0
      1901       0.0       0.0     -10.0       0.0       0.0       0.0         0
      1902       0.0       0.0     -10.0       0.0       0.0       0.0         0
      1903       0.0       0.0     -10.0       0.0       0.0       0.0         0
      1904       0.0       0.0     -10.0       0.0       0.0       0.0         0
      1905       0.0       0.0     -10.0       0.0       0.0       0.0         0
      1906       0.0       0.0     -10.0       0.0       0.0       0.0         0
      1907       0.0       0.0     -10.0       0.0       0.0       0.0         0
      1908       0.0       0.0     -10.0       0.0       0.0       0.0         0
      1909       0.0       0.0     -10.0       0.0       0.0       0.0         0
      1910       0.0       0.0     -10.0       0.0       0.0       0.0         0
      1911       0.0       0.0     -10.0       0.0       0.0       0.0         0
      1912       0.0       0.0     -10.0       0.0       0.0       0.0         0
      1913       0.0       0.0     -10.0       0.0       0.0       0.0         0
      1914       0.0       0.0     -10.0       0.0       0.0       0.0         0
      1915       0.0       0.0     -10.0       0.0       0.0       0.0         0
      1916       0.0       0.0     -10.0       0.0       0.0       0.0         0
      1917       0.0       0.0     -10.0       0.0       0.0       0.0         0
*ELEMENT_SOLID
     801       2     942     978     984     948     943     979     985     949
     802       2     943     979     985     949     944     980     986     950
     803       2     944     980     986     950     945     981     987     951
     804       2     945     981     987     951     946     982     988     952
     805       2     946     982     988     952     947     983     989     953
     806       2     948     984     990     954     949     985     991     955
     807       2     949     985     991     955     950     986     992     956
     808       2     950     986     992     956     951     987     993     957
     809       2     951     987     993     957     952     988     994     958
     810       2     952     988     994     958     953     989     995     959
     811       2     954     990     996     960     955     991     997     961
     812       2     955     991     997     961     956     992     998     962
     813       2     956     992     998     962     957     993     999     963
     814       2     957     993     999     963     958     994    1000     964
     815       2     958     994    1000     964     959     995    1001     965
     816       2     960     996    1002     966     961     997    1003     967
     817       2     961     997    1003     967     962     998    1004     968
     818       2     962     998    1004     968     963     999    1005     969
     819       2     963     999    1005     969     964    1000    1006     970
     820       2     964    1000    1006     970     965    1001    1007     971
     821       2     966    1002    1008     972     967    1003    1009     973
     822       2     967    1003    1009     973     968    1004    1010     974
     823       2     968    1004    1010     974     969    1005    1011     975
     824       2     969    1005    1011     975     970    1006    1012     976
     825       2     970    1006    1012     976     971    1007    1013     977
     826       2     978    1014    1020     984     979    1015    1021     985
     827       2     979    1015    1021     985     980    1016    1022     986
     828       2     980    1016    1022     986     981    1017    1023     987
     829       2     981    1017    1023     987     982    1018    1024     988
     830       2     982    1018    1024     988     983    1019    1025     989
     831       2     984    1020    1026     990     985    1021    1027     991
     832       2     985    1021    1027     991     986    1022    1028     992
     833       2     986    1022    1028     992     987    1023    1029     993
     834       2     987    1023    1029     993     988    1024    1030     994
     835       2     988    1024    1030     994     989    1025    1031     995
     836       2     990    1026    1032     996     991    1027    1033     997
     837       2     991    1027    1033     997     992    1028    1034     998
     838       2     992    1028    1034     998     993    1029    1035     999
     839       2     993    1029    1035     999     994    1030    1036    1000
     840       2     994    1030    1036    1000     995    1031    1037    1001
     841       2     996    1032    1038    1002     997    1033    1039    1003
     842       2     997    1033    1039    1003     998    1034    1040    1004
     843       2     998    1034    1040    1004     999    1035    1041    1005
     844       2     999    1035    1041    1005    1000    1036    1042    1006
     845       2    1000    1036    1042    1006    1001    1037    1043    1007
     846       2    1002    1038    1044    1008    1003    1039    1045    1009
     847       2    1003    1039    1045    1009    1004    1040    1046    1010
     848       2    1004    1040    1046    1010    1005    1041    1047    1011
     849       2    1005    1041    1047    1011    1006    1042    1048    1012
     850       2    1006    1042    1048    1012    1007    1043    1049    1013
     851       2    1014    1050    1056    1020    1015    1051    1057    1021
     852       2    1015    1051    1057    1021    1016    1052    1058    1022
     853       2    1016    1052    1058    1022    1017    1053    1059    1023
     854       2    1017    1053    1059    1023    1018    1054    1060    1024
     855       2    1018    1054    1060    1024    1019    1055    1061    1025
     856       2    1020    1056    1062    1026    1021    1057    1063    1027
     857       2    1021    1057    1063    1027    1022    1058    1064    1028
     858       2    1022    1058    1064    1028    1023    1059    1065    1029
     859       2    1023    1059    1065    1029    1024    1060    1066    1030
     860       2    1024    1060    1066    1030    1025    1061    1067    1031
     861       2    1026    1062    1068    1032    1027    1063    1069    1033
     862       2    1027    1063    1069    1033    1028    1064    1070    1034
     863       2    1028    1064    1070    1034    1029    1065    1071    1035
     864       2    1029    1065    1071    1035    1030    1066    1072    1036
     865       2    1030    1066    1072    1036    1031    1067    1073    1037
     866       2    1032    1068    1074    1038    1033    1069    1075    1039
     867       2    1033    1069    1075    1039    1034    1070    1076    1040
     868       2    1034    1070    1076    1040    1035    1071    1077    1041
     869       2    1035    1071    1077    1041    1036    1072    1078    1042
     870       2    1036    1072    1078    1042    1037    1073    1079    1043
     871       2    1038    1074    1080    1044    1039    1075    1081    1045
     872       2    1039    1075    1081    1045    1040    1076    1082    1046
     873       2    1040    1076    1082    1046    1041    1077    1083    1047
     874       2    1041    1077    1083    1047    1042    1078    1084    1048
     875       2    1042    1078    1084    1048    1043    1079    1085    1049
     876       2    1050    1086    1092    1056    1051    1087    1093    1057
     877       2    1051    1087    1093    1057    1052    1088    1094    1058
     878       2    1052    1088    1094    1058    1053    1089    1095    1059
     879       2    1053    1089    1095    1059    1054    1090    1096    1060
     880       2    1054    1090    1096    1060    1055    1091    1097    1061
     881       2    1056    1092    1098    1062    1057    1093    1099    1063
     882       2    1057    1093    1099    1063    1058    1094    1100    1064
     883       2    1058    1094    1100    1064    1059    1095    1101    1065
     884       2    1059    1095    1101    1065    1060    1096    1102    1066
     885       2    1060    1096    1102    1066    1061    1097    1103    1067
     886       2    1062    1098    1104    1068    1063    1099    1105    1069
     887       2    1063    1099    1105    1069    1064    1100    1106    1070
     888       2    1064    1100    1106    1070    1065    1101    1107    1071
     889       2    1065    1101    1107    1071    1066    1102    1108    1072
     890       2    1066    1102    1108    1072    1067    1103    1109    1073
     891       2    1068    1104    1110    1074    1069    1105    1111    1075
     892       2    1069    1105    1111    1075    1070    1106    1112    1076
     893       2    1070    1106    1112    1076    1071    1107    1113    1077
     894       2    1071    1107    1113    1077    1072    1108    1114    1078
     895       2    1072    1108    1114    1078    1073    1109    1115    1079
     896       2    1074    1110    1116    1080    1075    1111    1117    1081
     897       2    1075    1111    1117    1081    1076    1112    1118    1082
     898       2    1076    1112    1118    1082    1077    1113    1119    1083
     899       2    1077    1113    1119    1083    1078    1114    1120    1084
     900       2    1078    1114    1120    1084    1079    1115    1121    1085
     901       2    1086    1122    1128    1092    1087    1123    1129    1093
     902       2    1087    1123    1129    1093    1088    1124    1130    1094
     903       2    1088    1124    1130    1094    1089    1125    1131    1095
     904       2    1089    1125    1131    1095    1090    1126    1132    1096
     905       2    1090    1126    1132    1096    1091    1127    1133    1097
     906       2    1092    1128    1134    1098    1093    1129    1135    1099
     907       2    1093    1129    1135    1099    1094    1130    1136    1100
     908       2    1094    1130    1136    1100    1095    1131    1137    1101
     909       2    1095    1131    1137    1101    1096    1132    1138    1102
     910       2    1096    1132    1138    1102    1097    1133    1139    1103
     911       2    1098    1134    1140    1104    1099    1135    1141    1105
     912       2    1099    1135    1141    1105    1100    1136    1142    1106
     913       2    1100    1136    1142    1106    1101    1137    1143    1107
     914       2    1101    1137    1143    1107    1102    1138    1144    1108
     915       2    1102    1138    1144    1108    1103    1139    1145    1109
     916       2    1104    1140    1146    1110    1105    1141    1147    1111
     917       2    1105    1141    1147    1111    1106    1142    1148    1112
     918       2    1106    1142    1148    1112    1107    1143    1149    1113
     919       2    1107    1143    1149    1113    1108    1144    1150    1114
     920       2    1108    1144    1150    1114    1109    1145    1151    1115
     921       2    1110    1146    1152    1116    1111    1147    1153    1117
     922       2    1111    1147    1153    1117    1112    1148    1154    1118
     923       2    1112    1148    1154    1118    1113    1149    1155    1119
     924       2    1113    1149    1155    1119    1114    1150    1156    1120
     925       2    1114    1150    1156    1120    1115    1151    1157    1121
     926       2    1122    1167    1200    1128    1123    1195    1201    1129
     927       2    1123    1195    1201    1129    1124    1196    1202    1130
     928       2    1124    1196    1202    1130    1125    1197    1203    1131
     929       2    1125    1197    1203    1131    1126    1198    1204    1132
     930       2    1126    1198    1204    1132    1127    1199    1205    1133
     931       2    1128    1200    1206    1134    1129    1201    1207    1135
     932       2    1129    1201    1207    1135    1130    1202    1208    1136
     933       2    1130    1202    1208    1136    1131    1203    1209    1137
     934       2    1131    1203    1209    1137    1132    1204    1210    1138
     935       2    1132    1204    1210    1138    1133    1205    1211    1139
     936       2    1134    1206    1158    1140    1135    1207    1213    1141
     937       2    1135    1207    1213    1141    1136    1208    1214    1142
     938       2    1136    1208    1214    1142    1137    1209    1215    1143
     939       2    1137    1209    1215    1143    1138    1210    1216    1144
     940       2    1138    1210    1216    1144    1139    1211    1217    1145
     941       2    1140    1158    1218    1146    1141    1213    1219    1147
     942       2    1141    1213    1219    1147    1142    1214    1220    1148
     943       2    1142    1214    1220    1148    1143    1215    1221    1149
     944       2    1143    1215    1221    1149    1144    1216    1222    1150
     945       2    1144    1216    1222    1150    1145    1217    1223    1151
     946       2    1146    1218    1224    1152    1147    1219    1225    1153
     947       2    1147    1219    1225    1153    1148    1220    1226    1154
     948       2    1148    1220    1226    1154    1149    1221    1227    1155
     949       2    1149    1221    1227    1155    1150    1222    1228    1156
     950       2    1150    1222    1228    1156    1151    1223    1229    1157
     951       2    1167    1230    1236    1200    1195    1231    1237    1201
     952       2    1195    1231    1237    1201    1196    1232    1238    1202
     953       2    1196    1232    1238    1202    1197    1233    1239    1203
     954       2    1197    1233    1239    1203    1198    1234    1240    1204
     955       2    1198    1234    1240    1204    1199    1235    1241    1205
     956       2    1200    1236    1242    1206    1201    1237    1243    1207
     957       2    1201    1237    1243    1207    1202    1238    1244    1208
     958       2    1202    1238    1244    1208    1203    1239    1245    1209
     959       2    1203    1239    1245    1209    1204    1240    1246    1210
     960       2    1204    1240    1246    1210    1205    1241    1247    1211
     961       2    1206    1242    1176    1158    1207    1243    1249    1213
     962       2    1207    1243    1249    1213    1208    1244    1250    1214
     963       2    1208    1244    1250    1214    1209    1245    1251    1215
     964       2    1209    1245    1251    1215    1210    1246    1252    1216
     965       2    1210    1246    1252    1216    1211    1247    1253    1217
     966       2    1158    1176    1254    1218    1213    1249    1255    1219
     967       2    1213    1249    1255    1219    1214    1250    1256    1220
     968       2    1214    1250    1256    1220    1215    1251    1257    1221
     969       2    1215    1251    1257    1221    1216    1252    1258    1222
     970       2    1216    1252    1258    1222    1217    1253    1259    1223
     971       2    1218    1254    1260    1224    1219    1255    1261    1225
     972       2    1219    1255    1261    1225    1220    1256    1262    1226
     973       2    1220    1256    1262    1226    1221    1257    1263    1227
     974       2    1221    1257    1263    1227    1222    1258    1264    1228
     975       2    1222    1258    1264    1228    1223    1259    1265    1229
     976       2    1230    1266    1182    1236    1231    1267    1273    1237
     977       2    1231    1267    1273    1237    1232    1268    1274    1238
     978       2    1232    1268    1274    1238    1233    1269    1275    1239
     979       2    1233    1269    1275    1239    1234    1270    1276    1240
     980       2    1234    1270    1276    1240    1235    1271    1277    1241
     981       2    1236    1182    1278    1242    1237    1273    1279    1243
     982       2    1237    1273    1279    1243    1238    1274    1280    1244
     983       2    1238    1274    1280    1244    1239    1275    1281    1245
     984       2    1239    1275    1281    1245    1240    1276    1282    1246
     985       2    1240    1276    1282    1246    1241    1277    1283    1247
     986       2    1242    1278    1284    1176    1243    1279    1285    1249
     987       2    1243    1279    1285    1249    1244    1280    1286    1250
     988       2    1244    1280    1286    1250    1245    1281    1287    1251
     989       2    1245    1281    1287    1251    1246    1282    1288    1252
     990       2    1246    1282    1288    1252    1247    1283    1289    1253
     991       2    1176    1284    1290    1254    1249    1285    1291    1255
     992       2    1249    1285    1291    1255    1250    1286    1292    1256
     993       2    1250    1286    1292    1256    1251    1287    1293    1257
     994       2    1251    1287    1293    1257    1252    1288    1294    1258
     995       2    1252    1288    1294    1258    1253    1289    1295    1259
     996       2    1254    1290    1183    1260    1255    1291    1297    1261
     997       2    1255    1291    1297    1261    1256    1292    1298    1262
     998       2    1256    1292    1298    1262    1257    1293    1299    1263
     999       2    1257    1293    1299    1263    1258    1294    1300    1264
    1000       2    1258    1294    1300    1264    1259    1295    1301    1265
    1001       2    1266    1302    1308    1182    1267    1303    1309    1273
    1002       2    1267    1303    1309    1273    1268    1304    1310    1274
    1003       2    1268    1304    1310    1274    1269    1305    1311    1275
    1004       2    1269    1305    1311    1275    1270    1306    1312    1276
    1005       2    1270    1306    1312    1276    1271    1307    1313    1277
    1006       2    1182    1308    1314    1278    1273    1309    1315    1279
    1007       2    1273    1309    1315    1279    1274    1310    1316    1280
    1008       2    1274    1310    1316    1280    1275    1311    1317    1281
    1009       2    1275    1311    1317    1281    1276    1312    1318    1282
    1010       2    1276    1312    1318    1282    1277    1313    1319    1283
    1011       2    1278    1314    1320    1284    1279    1315    1321    1285
    1012       2    1279    1315    1321    1285    1280    1316    1322    1286
    1013       2    1280    1316    1322    1286    1281    1317    1323    1287
    1014       2    1281    1317    1323    1287    1282    1318    1324    1288
    1015       2    1282    1318    1324    1288    1283    1319    1325    1289
    1016       2    1284    1320    1326    1290    1285    1321    1327    1291
    1017       2    1285    1321    1327    1291    1286    1322    1328    1292
    1018       2    1286    1322    1328    1292    1287    1323    1329    1293
    1019       2    1287    1323    1329    1293    1288    1324    1330    1294
    1020       2    1288    1324    1330    1294    1289    1325    1331    1295
    1021       2    1290    1326    1332    1183    1291    1327    1333    1297
    1022       2    1291    1327    1333    1297    1292    1328    1334    1298
    1023       2    1292    1328    1334    1298    1293    1329    1335    1299
    1024       2    1293    1329    1335    1299    1294    1330    1336    1300
    1025       2    1294    1330    1336    1300    1295    1331    1337    1301
    1026       2    1302    1338    1344    1308    1303    1339    1345    1309
    1027       2    1303    1339    1345    1309    1304    1340    1346    1310
    1028       2    1304    1340    1346    1310    1305    1341    1347    1311
    1029       2    1305    1341    1347    1311    1306    1342    1348    1312
    1030       2    1306    1342    1348    1312    1307    1343    1349    1313
    1031       2    1308    1344    1350    1314    1309    1345    1351    1315
    1032       2    1309    1345    1351    1315    1310    1346    1352    1316
    1033       2    1310    1346    1352    1316    1311    1347    1353    1317
    1034       2    1311    1347    1353    1317    1312    1348    1354    1318
    1035       2    1312    1348    1354    1318    1313    1349    1355    1319
    1036       2    1314    1350    1356    1320    1315    1351    1357    1321
    1037       2    1315    1351    1357    1321    1316    1352    1358    1322
    1038       2    1316    1352    1358    1322    1317    1353    1359    1323
    1039       2    1317    1353    1359    1323    1318    1354    1360    1324
    1040       2    1318    1354    1360    1324    1319    1355    1361    1325
    1041       2    1320    1356    1362    1326    1321    1357    1363    1327
    1042       2    1321    1357    1363    1327    1322    1358    1364    1328
    1043       2    1322    1358    1364    1328    1323    1359    1365    1329
    1044       2    1323    1359    1365    1329    1324    1360    1366    1330
    1045       2    1324    1360    1366    1330    1325    1361    1367    1331
    1046       2    1326    1362    1368    1332    1327    1363    1369    1333
    1047       2    1327    1363    1369    1333    1328    1364    1370    1334
    1048       2    1328    1364    1370    1334    1329    1365    1371    1335
    1049       2    1329    1365    1371    1335    1330    1366    1372    1336
    1050       2    1330    1366    1372    1336    1331    1367    1373    1337
    1051       2    1152    1224    1416    1116    1153    1225    1417    1117
    1052       2    1153    1225    1417    1117    1154    1226    1418    1118
    1053       2    1154    1226    1418    1118    1155    1227    1419    1119
    1054       2    1155    1227    1419    1119    1156    1228    1420    1120
    1055       2    1156    1228    1420    1120    1157    1229    1421    1121
    1056       2    1116    1416    1181    1080    1117    1417    1423    1081
    1057       2    1117    1417    1423    1081    1118    1418    1424    1082
    1058       2    1118    1418    1424    1082    1119    1419    1425    1083
    1059       2    1119    1419    1425    1083    1120    1420    1426    1084
    1060       2    1120    1420    1426    1084    1121    1421    1427    1085
    1061       2    1080    1181    1428    1044    1081    1423    1429    1045
    1062       2    1081    1423    1429    1045    1082    1424    1430    1046
    1063       2    1082    1424    1430    1046    1083    1425    1431    1047
    1064       2    1083    1425    1431    1047    1084    1426    1432    1048
    1065       2    1084    1426    1432    1048    1085    1427    1433    1049
    1066       2    1044    1428    1380    1008    1045    1429    1435    1009
    1067       2    1045    1429    1435    1009    1046    1430    1436    1010
    1068       2    1046    1430    1436    1010    1047    1431    1437    1011
    1069       2    1047    1431    1437    1011    1048    1432    1438    1012
    1070       2    1048    1432    1438    1012    1049    1433    1439    1013
    1071       2    1008    1380    1172     972    1009    1435    1441     973
    1072       2    1009    1435    1441     973    1010    1436    1442     974
    1073       2    1010    1436    1442     974    1011    1437    1443     975
    1074       2    1011    1437    1443     975    1012    1438    1444     976
    1075       2    1012    1438    1444     976    1013    1439    1445     977
    1076       2    1224    1260    1378    1416    1225    1261    1453    1417
    1077       2    1225    1261    1453    1417    1226    1262    1454    1418
    1078       2    1226    1262    1454    1418    1227    1263    1455    1419
    1079       2    1227    1263    1455    1419    1228    1264    1456    1420
    1080       2    1228    1264    1456    1420    1229    1265    1411    1421
    1081       2    1416    1378    1458    1181    1417    1453    1459    1423
    1082       2    1417    1453    1459    1423    1418    1454    1460    1424
    1083       2    1418    1454    1460    1424    1419    1455    1461    1425
    1084       2    1419    1455    1461    1425    1420    1456    1462    1426
    1085       2    1420    1456    1462    1426    1421    1411    1463    1427
    1086       2    1181    1458    1464    1428    1423    1459    1465    1429
    1087       2    1423    1459    1465    1429    1424    1460    1466    1430
    1088       2    1424    1460    1466    1430    1425    1461    1467    1431
    1089       2    1425    1461    1467    1431    1426    1462    1468    1432
    1090       2    1426    1462    1468    1432    1427    1463    1469    1433
    1091       2    1428    1464    1470    1380    1429    1465    1471    1435
    1092       2    1429    1465    1471    1435    1430    1466    1472    1436
    1093       2    1430    1466    1472    1436    1431    1467    1473    1437
    1094       2    1431    1467    1473    1437    1432    1468    1474    1438
    1095       2    1432    1468    1474    1438    1433    1469    1475    1439
    1096       2    1380    1470    1476    1172    1435    1471    1477    1441
    1097       2    1435    1471    1477    1441    1436    1472    1478    1442
    1098       2    1436    1472    1478    1442    1437    1473    1479    1443
    1099       2    1437    1473    1479    1443    1438    1474    1480    1444
    1100       2    1438    1474    1480    1444    1439    1475    1481    1445
    1101       2    1260    1183    1488    1378    1261    1297    1489    1453
    1102       2    1261    1297    1489    1453    1262    1298    1490    1454
    1103       2    1262    1298    1490    1454    1263    1299    1491    1455
    1104       2    1263    1299    1491    1455    1264    1300    1492    1456
    1105       2    1264    1300    1492    1456    1265    1301    1393    1411
    1106       2    1378    1488    1179    1458    1453    1489    1495    1459
    1107       2    1453    1489    1495    1459    1454    1490    1496    1460
    1108       2    1454    1490    1496    1460    1455    1491    1497    1461
    1109       2    1455    1491    1497    1461    1456    1492    1498    1462
    1110       2    1456    1492    1498    1462    1411    1393    1499    1463
    1111       2    1458    1179    1500    1464    1459    1495    1501    1465
    1112       2    1459    1495    1501    1465    1460    1496    1502    1466
    1113       2    1460    1496    1502    1466    1461    1497    1503    1467
    1114       2    1461    1497    1503    1467    1462    1498    1504    1468
    1115       2    1462    1498    1504    1468    1463    1499    1451    1469
    1116       2    1464    1500    1398    1470    1465    1501    1507    1471
    1117       2    1465    1501    1507    1471    1466    1502    1508    1472
    1118       2    1466    1502    1508    1472    1467    1503    1509    1473
    1119       2    1467    1503    1509    1473    1468    1504    1510    1474
    1120       2    1468    1504    1510    1474    1469    1451    1450    1475
    1121       2    1470    1398    1175    1476    1471    1507    1513    1477
    1122       2    1471    1507    1513    1477    1472    1508    1514    1478
    1123       2    1472    1508    1514    1478    1473    1509    1515    1479
    1124       2    1473    1509    1515    1479    1474    1510    1516    1480
    1125       2    1474    1510    1516    1480    1475    1450    1449    1481
    1126       2    1183    1332    1518    1488    1297    1333    1525    1489
    1127       2    1297    1333    1525    1489    1298    1334    1526    1490
    1128       2    1298    1334    1526    1490    1299    1335    1527    1491
    1129       2    1299    1335    1527    1491    1300    1336    1528    1492
    1130       2    1300    1336    1528    1492    1301    1337    1529    1393
    1131       2    1488    1518    1530    1179    1489    1525    1531    1495
    1132       2    1489    1525    1531    1495    1490    1526    1532    1496
    1133       2    1490    1526    1532    1496    1491    1527    1533    1497
    1134       2    1491    1527    1533    1497    1492    1528    1534    1498
    1135       2    1492    1528    1534    1498    1393    1529    1535    1499
    1136       2    1179    1530    1180    1500    1495    1531    1537    1501
    1137       2    1495    1531    1537    1501    1496    1532    1538    1502
    1138       2    1496    1532    1538    1502    1497    1533    1539    1503
    1139       2    1497    1533    1539    1503    1498    1534    1540    1504
    1140       2    1498    1534    1540    1504    1499    1535    1541    1451
    1141       2    1500    1180    1542    1398    1501    1537    1543    1507
    1142       2    1501    1537    1543    1507    1502    1538    1544    1508
    1143       2    1502    1538    1544    1508    1503    1539    1545    1509
    1144       2    1503    1539    1545    1509    1504    1540    1546    1510
    1145       2    1504    1540    1546    1510    1451    1541    1547    1450
    1146       2    1398    1542    1548    1175    1507    1543    1549    1513
    1147       2    1507    1543    1549    1513    1508    1544    1550    1514
    1148       2    1508    1544    1550    1514    1509    1545    1551    1515
    1149       2    1509    1545    1551    1515    1510    1546    1552    1516
    1150       2    1510    1546    1552    1516    1450    1547    1553    1449
    1151       2    1332    1368    1560    1518    1333    1369    1561    1525
    1152       2    1333    1369    1561    1525    1334    1370    1562    1526
    1153       2    1334    1370    1562    1526    1335    1371    1563    1527
    1154       2    1335    1371    1563    1527    1336    1372    1564    1528
    1155       2    1336    1372    1564    1528    1337    1373    1194    1529
    1156       2    1518    1560    1566    1530    1525    1561    1567    1531
    1157       2    1525    1561    1567    1531    1526    1562    1568    1532
    1158       2    1526    1562    1568    1532    1527    1563    1569    1533
    1159       2    1527    1563    1569    1533    1528    1564    1570    1534
    1160       2    1528    1564    1570    1534    1529    1194    1571    1535
    1161       2    1530    1566    1572    1180    1531    1567    1573    1537
    1162       2    1531    1567    1573    1537    1532    1568    1574    1538
    1163       2    1532    1568    1574    1538    1533    1569    1575    1539
    1164       2    1533    1569    1575    1539    1534    1570    1576    1540
    1165       2    1534    1570    1576    1540    1535    1571    1577    1541
    1166       2    1180    1572    1578    1542    1537    1573    1579    1543
    1167       2    1537    1573    1579    1543    1538    1574    1580    1544
    1168       2    1538    1574    1580    1544    1539    1575    1581    1545
    1169       2    1539    1575    1581    1545    1540    1576    1582    1546
    1170       2    1540    1576    1582    1546    1541    1577    1583    1547
    1171       2    1542    1578    1584    1548    1543    1579    1585    1549
    1172       2    1543    1579    1585    1549    1544    1580    1586    1550
    1173       2    1544    1580    1586    1550    1545    1581    1587    1551
    1174       2    1545    1581    1587    1551    1546    1582    1588    1552
    1175       2    1546    1582    1588    1552    1547    1583    1212    1553
    1176       2     972    1172    1632     966     973    1441    1633     967
    1177       2     973    1441    1633     967     974    1442    1634     968
    1178       2     974    1442    1634     968     975    1443    1635     969
    1179       2     975    1443    1635     969     976    1444    1636     970
    1180       2     976    1444    1636     970     977    1445    1637     971
    1181       2     966    1632    1160     960     967    1633    1639     961
    1182       2     967    1633    1639     961     968    1634    1640     962
    1183       2     968    1634    1640     962     969    1635    1641     963
    1184       2     969    1635    1641     963     970    1636    1642     964
    1185       2     970    1636    1642     964     971    1637    1643     965
    1186       2     960    1160    1163     954     961    1639    1645     955
    1187       2     961    1639    1645     955     962    1640    1646     956
    1188       2     962    1640    1646     956     963    1641    1647     957
    1189       2     963    1641    1647     957     964    1642    1648     958
    1190       2     964    1642    1648     958     965    1643    1649     959
    1191       2     954    1163    1166     948     955    1645    1651     949
    1192       2     955    1645    1651     949     956    1646    1652     950
    1193       2     956    1646    1652     950     957    1647    1653     951
    1194       2     957    1647    1653     951     958    1648    1654     952
    1195       2     958    1648    1654     952     959    1649    1655     953
    1196       2     948    1166    1185     942     949    1651    1657     943
    1197       2     949    1651    1657     943     950    1652    1658     944
    1198       2     950    1652    1658     944     951    1653    1659     945
    1199       2     951    1653    1659     945     952    1654    1660     946
    1200       2     952    1654    1660     946     953    1655    1511     947
    1201       2    1172    1476    1524    1632    1441    1477    1669    1633
    1202       2    1441    1477    1669    1633    1442    1478    1670    1634
    1203       2    1442    1478    1670    1634    1443    1479    1671    1635
    1204       2    1443    1479    1671    1635    1444    1480    1672    1636
    1205       2    1444    1480    1672    1636    1445    1481    1607    1637
    1206       2    1632    1524    1173    1160    1633    1669    1675    1639
    1207       2    1633    1669    1675    1639    1634    1670    1676    1640
    1208       2    1634    1670    1676    1640    1635    1671    1677    1641
    1209       2    1635    1671    1677    1641    1636    1672    1678    1642
    1210       2    1636    1672    1678    1642    1637    1607    1679    1643
    1211       2    1160    1173    1662    1163    1639    1675    1681    1645
    1212       2    1639    1675    1681    1645    1640    1676    1682    1646
    1213       2    1640    1676    1682    1646    1641    1677    1683    1647
    1214       2    1641    1677    1683    1647    1642    1678    1684    1648
    1215       2    1642    1678    1684    1648    1643    1679    1685    1649
    1216       2    1163    1662    1686    1166    1645    1681    1687    1651
    1217       2    1645    1681    1687    1651    1646    1682    1688    1652
    1218       2    1646    1682    1688    1652    1647    1683    1689    1653
    1219       2    1647    1683    1689    1653    1648    1684    1690    1654
    1220       2    1648    1684    1690    1654    1649    1685    1621    1655
    1221       2    1166    1686    1692    1185    1651    1687    1693    1657
    1222       2    1651    1687    1693    1657    1652    1688    1694    1658
    1223       2    1652    1688    1694    1658    1653    1689    1695    1659
    1224       2    1653    1689    1695    1659    1654    1690    1696    1660
    1225       2    1654    1690    1696    1660    1655    1621    1620    1511
    1226       2    1476    1175    1704    1524    1477    1513    1705    1669
    1227       2    1477    1513    1705    1669    1478    1514    1706    1670
    1228       2    1478    1514    1706    1670    1479    1515    1707    1671
    1229       2    1479    1515    1707    1671    1480    1516    1708    1672
    1230       2    1480    1516    1708    1672    1481    1449    1709    1607
    1231       2    1524    1704    1710    1173    1669    1705    1711    1675
    1232       2    1669    1705    1711    1675    1670    1706    1712    1676
    1233       2    1670    1706    1712    1676    1671    1707    1713    1677
    1234       2    1671    1707    1713    1677    1672    1708    1714    1678
    1235       2    1672    1708    1714    1678    1607    1709    1715    1679
    1236       2    1173    1710    1702    1662    1675    1711    1717    1681
    1237       2    1675    1711    1717    1681    1676    1712    1718    1682
    1238       2    1676    1712    1718    1682    1677    1713    1719    1683
    1239       2    1677    1713    1719    1683    1678    1714    1720    1684
    1240       2    1678    1714    1720    1684    1679    1715    1593    1685
    1241       2    1662    1702    1174    1686    1681    1717    1723    1687
    1242       2    1681    1717    1723    1687    1682    1718    1724    1688
    1243       2    1682    1718    1724    1688    1683    1719    1725    1689
    1244       2    1683    1719    1725    1689    1684    1720    1726    1690
    1245       2    1684    1720    1726    1690    1685    1593    1727    1621
    1246       2    1686    1174    1668    1692    1687    1723    1729    1693
    1247       2    1687    1723    1729    1693    1688    1724    1730    1694
    1248       2    1688    1724    1730    1694    1689    1725    1731    1695
    1249       2    1689    1725    1731    1695    1690    1726    1732    1696
    1250       2    1690    1726    1732    1696    1621    1727    1733    1620
    1251       2    1175    1548    1590    1704    1513    1549    1741    1705
    1252       2    1513    1549    1741    1705    1514    1550    1742    1706
    1253       2    1514    1550    1742    1706    1515    1551    1743    1707
    1254       2    1515    1551    1743    1707    1516    1552    1744    1708
    1255       2    1516    1552    1744    1708    1449    1553    1452    1709
    1256       2    1704    1590    1407    1710    1705    1741    1747    1711
    1257       2    1705    1741    1747    1711    1706    1742    1748    1712
    1258       2    1706    1742    1748    1712    1707    1743    1749    1713
    1259       2    1707    1743    1749    1713    1708    1744    1750    1714
    1260       2    1708    1744    1750    1714    1709    1452    1412    1715
    1261       2    1710    1407    1752    1702    1711    1747    1753    1717
    1262       2    1711    1747    1753    1717    1712    1748    1754    1718
    1263       2    1712    1748    1754    1718    1713    1749    1755    1719
    1264       2    1713    1749    1755    1719    1714    1750    1756    1720
    1265       2    1714    1750    1756    1720    1715    1412    1757    1593
    1266       2    1702    1752    1758    1174    1717    1753    1759    1723
    1267       2    1717    1753    1759    1723    1718    1754    1760    1724
    1268       2    1718    1754    1760    1724    1719    1755    1761    1725
    1269       2    1719    1755    1761    1725    1720    1756    1762    1726
    1270       2    1720    1756    1762    1726    1593    1757    1559    1727
    1271       2    1174    1758    1701    1668    1723    1759    1765    1729
    1272       2    1723    1759    1765    1729    1724    1760    1766    1730
    1273       2    1724    1760    1766    1730    1725    1761    1716    1731
    1274       2    1725    1761    1716    1731    1726    1762    1768    1732
    1275       2    1726    1762    1768    1732    1727    1559    1764    1733
    1276       2    1548    1584    1625    1590    1549    1585    1777    1741
    1277       2    1549    1585    1777    1741    1550    1586    1778    1742
    1278       2    1550    1586    1778    1742    1551    1587    1779    1743
    1279       2    1551    1587    1779    1743    1552    1588    1780    1744
    1280       2    1552    1588    1780    1744    1553    1212    1781    1452
    1281       2    1590    1625    1616    1407    1741    1777    1783    1747
    1282       2    1741    1777    1783    1747    1742    1778    1784    1748
    1283       2    1742    1778    1784    1748    1743    1779    1785    1749
    1284       2    1743    1779    1785    1749    1744    1780    1786    1750
    1285       2    1744    1780    1786    1750    1452    1781    1674    1412
    1286       2    1407    1616    1188    1752    1747    1783    1789    1753
    1287       2    1747    1783    1789    1753    1748    1784    1790    1754
    1288       2    1748    1784    1790    1754    1749    1785    1791    1755
    1289       2    1749    1785    1791    1755    1750    1786    1792    1756
    1290       2    1750    1786    1792    1756    1412    1674    1536    1757
    1291       2    1752    1188    1700    1758    1753    1789    1795    1759
    1292       2    1753    1789    1795    1759    1754    1790    1796    1760
    1293       2    1754    1790    1796    1760    1755    1791    1797    1761
    1294       2    1755    1791    1797    1761    1756    1792    1798    1762
    1295       2    1756    1792    1798    1762    1757    1536    1656    1559
    1296       2    1758    1700    1606    1701    1759    1795    1697    1765
    1297       2    1759    1795    1697    1765    1760    1796    1782    1766
    1298       2    1760    1796    1782    1766    1761    1797    1673    1716
    1299       2    1761    1797    1673    1716    1762    1798    1804    1768
    1300       2    1762    1798    1804    1768    1559    1656    1800    1764
    1301       2     942    1185    1170     978     943    1657    1849     979
    1302       2     943    1657    1849     979     944    1658    1850     980
    1303       2     944    1658    1850     980     945    1659    1851     981
    1304       2     945    1659    1851     981     946    1660    1852     982
    1305       2     946    1660    1852     982     947    1511    1505     983
    1306       2     978    1170    1597    1014     979    1849    1855    1015
    1307       2     979    1849    1855    1015     980    1850    1856    1016
    1308       2     980    1850    1856    1016     981    1851    1857    1017
    1309       2     981    1851    1857    1017     982    1852    1858    1018
    1310       2     982    1852    1858    1018     983    1505    1745    1019
    1311       2    1014    1597    1169    1050    1015    1855    1861    1051
    1312       2    1015    1855    1861    1051    1016    1856    1862    1052
    1313       2    1016    1856    1862    1052    1017    1857    1863    1053
    1314       2    1017    1857    1863    1053    1018    1858    1864    1054
    1315       2    1018    1858    1864    1054    1019    1745    1825    1055
    1316       2    1050    1169    1168    1086    1051    1861    1867    1087
    1317       2    1051    1861    1867    1087    1052    1862    1868    1088
    1318       2    1052    1862    1868    1088    1053    1863    1869    1089
    1319       2    1053    1863    1869    1089    1054    1864    1870    1090
    1320       2    1054    1864    1870    1090    1055    1825    1599    1091
    1321       2    1086    1168    1167    1122    1087    1867    1195    1123
    1322       2    1087    1867    1195    1123    1088    1868    1196    1124
    1323       2    1088    1868    1196    1124    1089    1869    1197    1125
    1324       2    1089    1869    1197    1125    1090    1870    1198    1126
    1325       2    1090    1870    1198    1126    1091    1599    1199    1127
    1326       2    1185    1692    1186    1170    1657    1693    1885    1849
    1327       2    1657    1693    1885    1849    1658    1694    1886    1850
    1328       2    1658    1694    1886    1850    1659    1695    1887    1851
    1329       2    1659    1695    1887    1851    1660    1696    1888    1852
    1330       2    1660    1696    1888    1852    1511    1620    1555    1505
    1331       2    1170    1186    1838    1597    1849    1885    1891    1855
    1332       2    1849    1885    1891    1855    1850    1886    1892    1856
    1333       2    1850    1886    1892    1856    1851    1887    1893    1857
    1334       2    1851    1887    1893    1857    1852    1888    1894    1858
    1335       2    1852    1888    1894    1858    1505    1555    1556    1745
    1336       2    1597    1838    1189    1169    1855    1891    1897    1861
    1337       2    1855    1891    1897    1861    1856    1892    1898    1862
    1338       2    1856    1892    1898    1862    1857    1893    1899    1863
    1339       2    1857    1893    1899    1863    1858    1894    1900    1864
    1340       2    1858    1894    1900    1864    1745    1556    1557    1825
    1341       2    1169    1189    1736    1168    1861    1897    1903    1867
    1342       2    1861    1897    1903    1867    1862    1898    1904    1868
    1343       2    1862    1898    1904    1868    1863    1899    1905    1869
    1344       2    1863    1899    1905    1869    1864    1900    1906    1870
    1345       2    1864    1900    1906    1870    1825    1557    1558    1599
    1346       2    1168    1736    1230    1167    1867    1903    1231    1195
    1347       2    1867    1903    1231    1195    1868    1904    1232    1196
    1348       2    1868    1904    1232    1196    1869    1905    1233    1197
    1349       2    1869    1905    1233    1197    1870    1906    1234    1198
    1350       2    1870    1906    1234    1198    1599    1558    1235    1199
    1351       2    1692    1668    1397    1186    1693    1729    1890    1885
    1352       2    1693    1729    1890    1885    1694    1730    1865    1886
    1353       2    1694    1730    1865    1886    1695    1731    1846    1887
    1354       2    1695    1731    1846    1887    1696    1732    1908    1888
    1355       2    1696    1732    1908    1888    1620    1733    1448    1555
    1356       2    1186    1397    1396    1838    1885    1890    1805    1891
    1357       2    1885    1890    1805    1891    1886    1865    1802    1892
    1358       2    1886    1865    1802    1892    1887    1846    1866    1893
    1359       2    1887    1846    1866    1893    1888    1908    1875    1894
    1360       2    1888    1908    1875    1894    1555    1448    1691    1556
    1361       2    1838    1396    1395    1189    1891    1805    1916    1897
    1362       2    1891    1805    1916    1897    1892    1802    1829    1898
    1363       2    1892    1802    1829    1898    1893    1866    1769    1899
    1364       2    1893    1866    1769    1899    1894    1875    1816    1900
    1365       2    1894    1875    1816    1900    1556    1691    1812    1557
    1366       2    1189    1395    1394    1736    1897    1916    1859    1903
    1367       2    1897    1916    1859    1903    1898    1829    1902    1904
    1368       2    1898    1829    1902    1904    1899    1769    1874    1905
    1369       2    1899    1769    1874    1905    1900    1816    1776    1906
    1370       2    1900    1816    1776    1906    1557    1812    1841    1558
    1371       2    1736    1394    1266    1230    1903    1859    1267    1231
    1372       2    1903    1859    1267    1231    1904    1902    1268    1232
    1373       2    1904    1902    1268    1232    1905    1874    1269    1233
    1374       2    1905    1874    1269    1233    1906    1776    1270    1234
    1375       2    1906    1776    1270    1234    1558    1841    1271    1235
    1376       2    1668    1701    1171    1397    1729    1765    1801    1890
    1377       2    1729    1765    1801    1890    1730    1766    1882    1865
    1378       2    1730    1766    1882    1865    1731    1716    1881    1846
    1379       2    1731    1716    1881    1846    1732    1768    1880    1908
    1380       2    1732    1768    1880    1908    1733    1764    1523    1448
    1381       2    1397    1171    1596    1396    1890    1801    1878    1805
    1382       2    1890    1801    1878    1805    1865    1882    1822    1802
    1383       2    1865    1882    1822    1802    1846    1881    1834    1866
    1384       2    1846    1881    1834    1866    1908    1880    1739    1875
    1385       2    1908    1880    1739    1875    1448    1523    1446    1691
    1386       2    1396    1596    1376    1395    1805    1878    1803    1916
    1387       2    1805    1878    1803    1916    1802    1822    1914    1829
    1388       2    1802    1822    1914    1829    1866    1834    1728    1769
    1389       2    1866    1834    1728    1769    1875    1739    1680    1816
    1390       2    1875    1739    1680    1816    1691    1446    1824    1812
    1391       2    1395    1376    1598    1394    1916    1803    1844    1859
    1392       2    1916    1803    1844    1859    1829    1914    1843    1902
    1393       2    1829    1914    1843    1902    1769    1728    1799    1874
    1394       2    1769    1728    1799    1874    1816    1680    1872    1776
    1395       2    1816    1680    1872    1776    1812    1824    1447    1841
    1396       2    1394    1598    1302    1266    1859    1844    1303    1267
    1397       2    1859    1844    1303    1267    1902    1843    1304    1268
    1398       2    1902    1843    1304    1268    1874    1799    1305    1269
    1399       2    1874    1799    1305    1269    1776    1872    1306    1270
    1400       2    1776    1872    1306    1270    1841    1447    1307    1271
    1401       2    1701    1606    1605    1171    1765    1697    1879    1801
    1402       2    1765    1697    1879    1801    1766    1782    1771    1882
    1403       2    1766    1782    1771    1882    1716    1673    1871    1881
    1404       2    1716    1673    1871    1881    1768    1804    1845    1880
    1405       2    1768    1804    1845    1880    1764    1800    1854    1523
    1406       2    1171    1605    1604    1596    1801    1879    1721    1878
    1407       2    1801    1879    1721    1878    1882    1771    1740    1822
    1408       2    1882    1771    1740    1822    1881    1871    1774    1834
    1409       2    1881    1871    1774    1834    1880    1845    1773    1739
    1410       2    1880    1845    1773    1739    1523    1854    1772    1446
    1411       2    1596    1604    1603    1376    1878    1721    1770    1803
    1412       2    1878    1721    1770    1803    1822    1740    1622    1914
    1413       2    1822    1740    1622    1914    1834    1774    1638    1728
    1414       2    1834    1774    1638    1728    1739    1773    1807    1680
    1415       2    1739    1773    1807    1680    1446    1772    1644    1824
    1416       2    1376    1603    1184    1598    1803    1770    1650    1844
    1417       2    1803    1770    1650    1844    1914    1622    1663    1843
    1418       2    1914    1622    1663    1843    1728    1638    1806    1799
    1419       2    1728    1638    1806    1799    1680    1807    1763    1872
    1420       2    1680    1807    1763    1872    1824    1644    1877    1447
    1421       2    1598    1184    1338    1302    1844    1650    1339    1303
    1422       2    1844    1650    1339    1303    1843    1663    1340    1304
    1423       2    1843    1663    1340    1304    1799    1806    1341    1305
    1424       2    1799    1806    1341    1305    1872    1763    1342    1306
    1425       2    1872    1763    1342    1306    1447    1877    1343    1307
    1426       2    1127    1199    1205    1133    1091    1599    1517    1097
    1427       2    1091    1599    1517    1097    1055    1825    1883    1061
    1428       2    1055    1825    1883    1061    1019    1745    1787    1025
    1429       2    1019    1745    1787    1025     983    1505    1775     989
    1430       2     983    1505    1775     989     947    1511    1655     953
    1431       2    1133    1205    1211    1139    1097    1517    1630    1103
    1432       2    1097    1517    1630    1103    1061    1883    1629    1067
    1433       2    1061    1883    1629    1067    1025    1787    1628    1031
    1434       2    1025    1787    1628    1031     989    1775    1627     995
    1435       2     989    1775    1627     995     953    1655    1649     959
    1436       2    1139    1211    1217    1145    1103    1630    1913    1109
    1437       2    1103    1630    1913    1109    1067    1629    1434    1073
    1438       2    1067    1629    1434    1073    1031    1628    1493    1037
    1439       2    1031    1628    1493    1037     995    1627    1847    1001
    1440       2     995    1627    1847    1001     959    1649    1643     965
    1441       2    1145    1217    1223    1151    1109    1913    1746    1115
    1442       2    1109    1913    1746    1115    1073    1434    1506    1079
    1443       2    1073    1434    1506    1079    1037    1493    1907    1043
    1444       2    1037    1493    1907    1043    1001    1847    1873    1007
    1445       2    1001    1847    1873    1007     965    1643    1637     971
    1446       2    1151    1223    1229    1157    1115    1746    1421    1121
    1447       2    1115    1746    1421    1121    1079    1506    1427    1085
    1448       2    1079    1506    1427    1085    1043    1907    1433    1049
    1449       2    1043    1907    1433    1049    1007    1873    1439    1013
    1450       2    1007    1873    1439    1013     971    1637    1445     977
    1451       2    1199    1235    1241    1205    1599    1558    1626    1517
    1452       2    1599    1558    1626    1517    1825    1557    1808    1883
    1453       2    1825    1557    1808    1883    1745    1556    1494    1787
    1454       2    1745    1556    1494    1787    1505    1555    1811    1775
    1455       2    1505    1555    1811    1775    1511    1620    1621    1655
    1456       2    1205    1241    1247    1211    1517    1626    1565    1630
    1457       2    1517    1626    1565    1630    1883    1808    1609    1629
    1458       2    1883    1808    1609    1629    1787    1494    1826    1628
    1459       2    1787    1494    1826    1628    1775    1811    1738    1627
    1460       2    1775    1811    1738    1627    1655    1621    1685    1649
    1461       2    1211    1247    1253    1217    1630    1565    1889    1913
    1462       2    1630    1565    1889    1913    1629    1609    1895    1434
    1463       2    1629    1609    1895    1434    1628    1826    1901    1493
    1464       2    1628    1826    1901    1493    1627    1738    1602    1847
    1465       2    1627    1738    1602    1847    1649    1685    1679    1643
    1466       2    1217    1253    1259    1223    1913    1889    1522    1746
    1467       2    1913    1889    1522    1746    1434    1895    1521    1506
    1468       2    1434    1895    1521    1506    1493    1901    1520    1907
    1469       2    1493    1901    1520    1907    1847    1602    1519    1873
    1470       2    1847    1602    1519    1873    1643    1679    1607    1637
    1471       2    1223    1259    1265    1229    1746    1522    1411    1421
    1472       2    1746    1522    1411    1421    1506    1521    1463    1427
    1473       2    1506    1521    1463    1427    1907    1520    1469    1433
    1474       2    1907    1520    1469    1433    1873    1519    1475    1439
    1475       2    1873    1519    1475    1439    1637    1607    1481    1445
    1476       2    1235    1271    1277    1241    1558    1841    1827    1626
    1477       2    1558    1841    1827    1626    1557    1812    1751    1808
    1478       2    1557    1812    1751    1808    1556    1691    1876    1494
    1479       2    1556    1691    1876    1494    1555    1448    1817    1811
    1480       2    1555    1448    1817    1811    1620    1733    1727    1621
    1481       2    1241    1277    1283    1247    1626    1827    1486    1565
    1482       2    1626    1827    1486    1565    1808    1751    1485    1609
    1483       2    1808    1751    1485    1609    1494    1876    1484    1826
    1484       2    1494    1876    1484    1826    1811    1817    1483    1738
    1485       2    1811    1817    1483    1738    1621    1727    1593    1685
    1486       2    1247    1283    1289    1253    1565    1486    1399    1889
    1487       2    1565    1486    1399    1889    1609    1485    1818    1895
    1488       2    1609    1485    1818    1895    1826    1484    1487    1901
    1489       2    1826    1484    1487    1901    1738    1483    1823    1602
    1490       2    1738    1483    1823    1602    1685    1593    1715    1679
    1491       2    1253    1289    1295    1259    1889    1399    1828    1522
    1492       2    1889    1399    1828    1522    1895    1818    1767    1521
    1493       2    1895    1818    1767    1521    1901    1487    1917    1520
    1494       2    1901    1487    1917    1520    1602    1823    1915    1519
    1495       2    1602    1823    1915    1519    1679    1715    1709    1607
    1496       2    1259    1295    1301    1265    1522    1828    1393    1411
    1497       2    1522    1828    1393    1411    1521    1767    1499    1463
    1498       2    1521    1767    1499    1463    1520    1917    1451    1469
    1499       2    1520    1917    1451    1469    1519    1915    1450    1475
    1500       2    1519    1915    1450    1475    1607    1709    1449    1481
    1501       2    1271    1307    1313    1277    1841    1447    1617    1827
    1502       2    1841    1447    1617    1827    1812    1824    1387    1751
    1503       2    1812    1824    1387    1751    1691    1446    1554    1876
    1504       2    1691    1446    1554    1876    1448    1523    1830    1817
    1505       2    1448    1523    1830    1817    1733    1764    1559    1727
    1506       2    1277    1313    1319    1283    1827    1617    1912    1486
    1507       2    1827    1617    1912    1486    1751    1387    1911    1485
    1508       2    1751    1387    1911    1485    1876    1554    1910    1484
    1509       2    1876    1554    1910    1484    1817    1830    1909    1483
    1510       2    1817    1830    1909    1483    1727    1559    1757    1593
    1511       2    1283    1319    1325    1289    1486    1912    1835    1399
    1512       2    1486    1912    1835    1399    1485    1911    1415    1818
    1513       2    1485    1911    1415    1818    1484    1910    1414    1487
    1514       2    1484    1910    1414    1487    1483    1909    1413    1823
    1515       2    1483    1909    1413    1823    1593    1757    1412    1715
    1516       2    1289    1325    1331    1295    1399    1835    1699    1828
    1517       2    1399    1835    1699    1828    1818    1415    1410    1767
    1518       2    1818    1415    1410    1767    1487    1414    1457    1917
    1519       2    1487    1414    1457    1917    1823    1413    1381    1915
    1520       2    1823    1413    1381    1915    1715    1412    1452    1709
    1521       2    1295    1331    1337    1301    1828    1699    1529    1393
    1522       2    1828    1699    1529    1393    1767    1410    1535    1499
    1523       2    1767    1410    1535    1499    1917    1457    1541    1451
    1524       2    1917    1457    1541    1451    1915    1381    1547    1450
    1525       2    1915    1381    1547    1450    1709    1452    1553    1449
    1526       2    1307    1343    1349    1313    1447    1877    1896    1617
    1527       2    1447    1877    1896    1617    1824    1644    1788    1387
    1528       2    1824    1644    1788    1387    1446    1772    1884    1554
    1529       2    1446    1772    1884    1554    1523    1854    1842    1830
    1530       2    1523    1854    1842    1830    1764    1800    1656    1559
    1531       2    1313    1349    1355    1319    1617    1896    1482    1912
    1532       2    1617    1896    1482    1912    1387    1788    1296    1911
    1533       2    1387    1788    1296    1911    1554    1884    1272    1910
    1534       2    1554    1884    1272    1910    1830    1842    1422    1909
    1535       2    1830    1842    1422    1909    1559    1656    1536    1757
    1536       2    1319    1355    1361    1325    1912    1482    1248    1835
    1537       2    1912    1482    1248    1835    1911    1296    1698    1415
    1538       2    1911    1296    1698    1415    1910    1272    1512    1414
    1539       2    1910    1272    1512    1414    1909    1422    1722    1413
    1540       2    1909    1422    1722    1413    1757    1536    1674    1412
    1541       2    1325    1361    1367    1331    1835    1248    1440    1699
    1542       2    1835    1248    1440    1699    1415    1698    1794    1410
    1543       2    1415    1698    1794    1410    1414    1512    1848    1457
    1544       2    1414    1512    1848    1457    1413    1722    1860    1381
    1545       2    1413    1722    1860    1381    1412    1674    1781    1452
    1546       2    1331    1367    1373    1337    1699    1440    1194    1529
    1547       2    1699    1440    1194    1529    1410    1794    1571    1535
    1548       2    1410    1794    1571    1535    1457    1848    1577    1541
    1549       2    1457    1848    1577    1541    1381    1860    1583    1547
    1550       2    1381    1860    1583    1547    1452    1781    1212    1553
    1551       2     942    1185    1166     948     978    1170    1165     984
    1552       2     978    1170    1165     984    1014    1597    1374    1020
    1553       2    1014    1597    1374    1020    1050    1169    1164    1056
    1554       2    1050    1169    1164    1056    1086    1168    1737    1092
    1555       2    1086    1168    1737    1092    1122    1167    1200    1128
    1556       2     948    1166    1163     954     984    1165    1840     990
    1557       2     984    1165    1840     990    1020    1374    1162    1026
    1558       2    1020    1374    1162    1026    1056    1164    1839    1062
    1559       2    1056    1164    1839    1062    1092    1737    1161    1098
    1560       2    1092    1737    1161    1098    1128    1200    1206    1134
    1561       2     954    1163    1160     960     990    1840    1837     996
    1562       2     990    1840    1837     996    1026    1162    1159    1032
    1563       2    1026    1162    1159    1032    1062    1839    1377    1068
    1564       2    1062    1839    1377    1068    1098    1161    1836    1104
    1565       2    1098    1161    1836    1104    1134    1206    1158    1140
    1566       2     960    1160    1632     966     996    1837    1385    1002
    1567       2     996    1837    1385    1002    1032    1159    1384    1038
    1568       2    1032    1159    1384    1038    1068    1377    1383    1074
    1569       2    1068    1377    1383    1074    1104    1836    1382    1110
    1570       2    1104    1836    1382    1110    1140    1158    1218    1146
    1571       2     966    1632    1172     972    1002    1385    1380    1008
    1572       2    1002    1385    1380    1008    1038    1384    1428    1044
    1573       2    1038    1384    1428    1044    1074    1383    1181    1080
    1574       2    1074    1383    1181    1080    1110    1382    1416    1116
    1575       2    1110    1382    1416    1116    1146    1218    1224    1152
    1576       2    1185    1692    1686    1166    1170    1186    1833    1165
    1577       2    1170    1186    1833    1165    1597    1838    1832    1374
    1578       2    1597    1838    1832    1374    1169    1189    1831    1164
    1579       2    1169    1189    1831    1164    1168    1736    1192    1737
    1580       2    1168    1736    1192    1737    1167    1230    1236    1200
    1581       2    1166    1686    1662    1163    1165    1833    1391    1840
    1582       2    1165    1833    1391    1840    1374    1832    1390    1162
    1583       2    1374    1832    1390    1162    1164    1831    1389    1839
    1584       2    1164    1831    1389    1839    1737    1192    1388    1161
    1585       2    1737    1192    1388    1161    1200    1236    1242    1206
    1586       2    1163    1662    1173    1160    1840    1391    1386    1837
    1587       2    1840    1391    1386    1837    1162    1390    1667    1159
    1588       2    1162    1390    1667    1159    1839    1389    1177    1377
    1589       2    1839    1389    1177    1377    1161    1388    1661    1836
    1590       2    1161    1388    1661    1836    1206    1242    1176    1158
    1591       2    1160    1173    1524    1632    1837    1386    1187    1385
    1592       2    1837    1386    1187    1385    1159    1667    1793    1384
    1593       2    1159    1667    1793    1384    1377    1177    1375    1383
    1594       2    1377    1177    1375    1383    1836    1661    1735    1382
    1595       2    1836    1661    1735    1382    1158    1176    1254    1218
    1596       2    1632    1524    1476    1172    1385    1187    1470    1380
    1597       2    1385    1187    1470    1380    1384    1793    1464    1428
    1598       2    1384    1793    1464    1428    1383    1375    1458    1181
    1599       2    1383    1375    1458    1181    1382    1735    1378    1416
    1600       2    1382    1735    1378    1416    1218    1254    1260    1224
    1601       2    1692    1668    1174    1686    1186    1397    1392    1833
    1602       2    1186    1397    1392    1833    1838    1396    1666    1832
    1603       2    1838    1396    1666    1832    1189    1395    1178    1831
    1604       2    1189    1395    1178    1831    1736    1394    1853    1192
    1605       2    1736    1394    1853    1192    1230    1266    1182    1236
    1606       2    1686    1174    1702    1662    1833    1392    1665    1391
    1607       2    1833    1392    1665    1391    1832    1666    1631    1390
    1608       2    1832    1666    1631    1390    1831    1178    1190    1389
    1609       2    1831    1178    1190    1389    1192    1853    1734    1388
    1610       2    1192    1853    1734    1388    1236    1182    1278    1242
    1611       2    1662    1702    1710    1173    1391    1665    1821    1386
    1612       2    1391    1665    1821    1386    1390    1631    1820    1667
    1613       2    1390    1631    1820    1667    1389    1190    1819    1177
    1614       2    1389    1190    1819    1177    1388    1734    1193    1661
    1615       2    1388    1734    1193    1661    1242    1278    1284    1176
    1616       2    1173    1710    1704    1524    1386    1821    1403    1187
    1617       2    1386    1821    1403    1187    1667    1820    1402    1793
    1618       2    1667    1820    1402    1793    1177    1819    1401    1375
    1619       2    1177    1819    1401    1375    1661    1193    1400    1735
    1620       2    1661    1193    1400    1735    1176    1284    1290    1254
    1621       2    1524    1704    1175    1476    1187    1403    1398    1470
    1622       2    1187    1403    1398    1470    1793    1402    1500    1464
    1623       2    1793    1402    1500    1464    1375    1401    1179    1458
    1624       2    1375    1401    1179    1458    1735    1400    1488    1378
    1625       2    1735    1400    1488    1378    1254    1290    1183    1260
    1626       2    1668    1701    1758    1174    1397    1171    1815    1392
    1627       2    1397    1171    1815    1392    1396    1596    1814    1666
    1628       2    1396    1596    1814    1666    1395    1376    1813    1178
    1629       2    1395    1376    1813    1178    1394    1598    1379    1853
    1630       2    1394    1598    1379    1853    1266    1302    1308    1182
    1631       2    1174    1758    1752    1702    1392    1815    1595    1665
    1632       2    1392    1815    1595    1665    1666    1814    1409    1631
    1633       2    1666    1814    1409    1631    1178    1813    1594    1190
    1634       2    1178    1813    1594    1190    1853    1379    1408    1734
    1635       2    1853    1379    1408    1734    1182    1308    1314    1278
    1636       2    1702    1752    1407    1710    1665    1595    1592    1821
    1637       2    1665    1595    1592    1821    1631    1409    1406    1820
    1638       2    1631    1409    1406    1820    1190    1594    1591    1819
    1639       2    1190    1594    1591    1819    1734    1408    1405    1193
    1640       2    1734    1408    1405    1193    1278    1314    1320    1284
    1641       2    1710    1407    1590    1704    1821    1592    1404    1403
    1642       2    1821    1592    1404    1403    1820    1406    1664    1402
    1643       2    1820    1406    1664    1402    1819    1591    1601    1401
    1644       2    1819    1591    1601    1401    1193    1405    1600    1400
    1645       2    1193    1405    1600    1400    1284    1320    1326    1290
    1646       2    1704    1590    1548    1175    1403    1404    1542    1398
    1647       2    1403    1404    1542    1398    1402    1664    1180    1500
    1648       2    1402    1664    1180    1500    1401    1601    1530    1179
    1649       2    1401    1601    1530    1179    1400    1600    1518    1488
    1650       2    1400    1600    1518    1488    1290    1326    1332    1183
    1651       2    1701    1606    1700    1758    1171    1605    1613    1815
    1652       2    1171    1605    1613    1815    1596    1604    1612    1814
    1653       2    1596    1604    1612    1814    1376    1603    1611    1813
    1654       2    1376    1603    1611    1813    1598    1184    1610    1379
    1655       2    1598    1184    1610    1379    1302    1338    1344    1308
    1656       2    1758    1700    1188    1752    1815    1613    1608    1595
    1657       2    1815    1613    1608    1595    1814    1612    1589    1409
    1658       2    1814    1612    1589    1409    1813    1611    1619    1594
    1659       2    1813    1611    1619    1594    1379    1610    1618    1408
    1660       2    1379    1610    1618    1408    1308    1344    1350    1314
    1661       2    1752    1188    1616    1407    1595    1608    1615    1592
    1662       2    1595    1608    1615    1592    1409    1589    1191    1406
    1663       2    1409    1589    1191    1406    1594    1619    1614    1591
    1664       2    1594    1619    1614    1591    1408    1618    1703    1405
    1665       2    1408    1618    1703    1405    1314    1350    1356    1320
    1666       2    1407    1616    1625    1590    1592    1615    1810    1404
    1667       2    1592    1615    1810    1404    1406    1191    1624    1664
    1668       2    1406    1191    1624    1664    1591    1614    1809    1601
    1669       2    1591    1614    1809    1601    1405    1703    1623    1600
    1670       2    1405    1703    1623    1600    1320    1356    1362    1326
    1671       2    1590    1625    1584    1548    1404    1810    1578    1542
    1672       2    1404    1810    1578    1542    1664    1624    1572    1180
    1673       2    1664    1624    1572    1180    1601    1809    1566    1530
    1674       2    1601    1809    1566    1530    1600    1623    1560    1518
    1675       2    1600    1623    1560    1518    1326    1362    1368    1332
*ELEMENT_SHELL
     401       1     522     523     502     501       0       0       0       0
     402       1     523     524     503     502       0       0       0       0
     403       1     524     525     504     503       0       0       0       0
     404       1     525     526     505     504       0       0       0       0
     405       1     526     527     506     505       0       0       0       0
     406       1     527     528     507     506       0       0       0       0
     407       1     528     529     508     507       0       0       0       0
     408       1     529     530     509     508       0       0       0       0
     409       1     530     531     510     509       0       0       0       0
     410       1     531     532     511     510       0       0       0       0
     411       1     532     533     512     511       0       0       0       0
     412       1     533     534     513     512       0       0       0       0
     413       1     534     535     514     513       0       0       0       0
     414       1     535     536     515     514       0       0       0       0
     415       1     536     537     516     515       0       0       0       0
     416       1     537     538     517     516       0       0       0       0
     417       1     538     539     518     517       0       0       0       0
     418       1     539     540     519     518       0       0       0       0
     419       1     540     541     520     519       0       0       0       0
     420       1     541     542     521     520       0       0       0       0
     421       1     543     544     523     522       0       0       0       0
     422       1     544     545     524     523       0       0       0       0
     423       1     545     546     525     524       0       0       0       0
     424       1     546     547     526     525       0       0       0       0
     425       1     547     548     527     526       0       0       0       0
     426       1     548     549     528     527       0       0       0       0
     427       1     549     550     529     528       0       0       0       0
     428       1     550     551     530     529       0       0       0       0
     429       1     551     552     531     530       0       0       0       0
     430       1     552     553     532     531       0       0       0       0
     431       1     553     554     533     532       0       0       0       0
     432       1     554     555     534     533       0       0       0       0
     433       1     555     556     535     534       0       0       0       0
     434       1     556     557     536     535       0       0       0       0
     435       1     557     558     537     536       0       0       0       0
     436       1     558     559     538     537       0       0       0       0
     437       1     559     560     539     538       0       0       0       0
     438       1     560     561     540     539       0       0       0       0
     439       1     561     562     541     540       0       0       0       0
     440       1     562     563     542     541       0       0       0       0
     441       1     564     565     544     543       0       0       0       0
     442       1     565     566     545     544       0       0       0       0
     443       1     566     567     546     545       0       0       0       0
     444       1     567     568     547     546       0       0       0       0
     445       1     568     569     548     547       0       0       0       0
     446       1     569     570     549     548       0       0       0       0
     447       1     570     571     550     549       0       0       0       0
     448       1     571     572     551     550       0       0       0       0
     449       1     572     573     552     551       0       0       0       0
     450       1     573     574     553     552       0       0       0       0
     451       1     574     575     554     553       0       0       0       0
     452       1     575     576     555     554       0       0       0       0
     453       1     576     577     556     555       0       0       0       0
     454       1     577     578     557     556       0       0       0       0
     455       1     578     579     558     557       0       0       0       0
     456       1     579     580     559     558       0       0       0       0
     457       1     580     581     560     559       0       0       0       0
     458       1     581     582     561     560       0       0       0       0
     459       1     582     583     562     561       0       0       0       0
     460       1     583     584     563     562       0       0       0       0
     461       1     585     586     565     564       0       0       0       0
     462       1     586     587     566     565       0       0       0       0
     463       1     587     588     567     566       0       0       0       0
     464       1     588     589     568     567       0       0       0       0
     465       1     589     590     569     568       0       0       0       0
     466       1     590     591     570     569       0       0       0       0
     467       1     591     592     571     570       0       0       0       0
     468       1     592     593     572     571       0       0       0       0
     469       1     593     594     573     572       0       0       0       0
     470       1     594     595     574     573       0       0       0       0
     471       1     595     596     575     574       0       0       0       0
     472       1     596     597     576     575       0       0       0       0
     473       1     597     598     577     576       0       0       0       0
     474       1     598     599     578     577       0       0       0       0
     475       1     599     600     579     578       0       0       0       0
     476       1     600     601     580     579       0       0       0       0
     477       1     601     602     581     580       0       0       0       0
     478       1     602     603     582     581       0       0       0       0
     479       1     603     604     583     582       0       0       0       0
     480       1     604     605     584     583       0       0       0       0
     481       1     606     607     586     585       0       0       0       0
     482       1     607     608     587     586       0       0       0       0
     483       1     608     609     588     587       0       0       0       0
     484       1     609     610     589     588       0       0       0       0
     485       1     610     611     590     589       0       0       0       0
     486       1     611     612     591     590       0       0       0       0
     487       1     612     613     592     591       0       0       0       0
     488       1     613     614     593     592       0       0       0       0
     489       1     614     615     594     593       0       0       0       0
     490       1     615     616     595     594       0       0       0       0
     491       1     616     617     596     595       0       0       0       0
     492       1     617     618     597     596       0       0       0       0
     493       1     618     619     598     597       0       0       0       0
     494       1     619     620     599     598       0       0       0       0
     495       1     620     621     600     599       0       0       0       0
     496       1     621     622     601     600       0       0       0       0
     497       1     622     623     602     601       0       0       0       0
     498       1     623     624     603     602       0       0       0       0
     499       1     624     625     604     603       0       0       0       0
     500       1     625     626     605     604       0       0       0       0
     501       1     627     628     607     606       0       0       0       0
     502       1     628     629     608     607       0       0       0       0
     503       1     629     630     609     608       0       0       0       0
     504       1     630     631     610     609       0       0       0       0
     505       1     631     632     611     610       0       0       0       0
     506       1     632     633     612     611       0       0       0       0
     507       1     633     634     613     612       0       0       0       0
     508       1     634     635     614     613       0       0       0       0
     509       1     635     636     615     614       0       0       0       0
     510       1     636     637     616     615       0       0       0       0
     511       1     637     638     617     616       0       0       0       0
     512       1     638     639     618     617       0       0       0       0
     513       1     639     640     619     618       0       0       0       0
     514       1     640     641     620     619       0       0       0       0
     515       1     641     642     621     620       0       0       0       0
     516       1     642     643     622     621       0       0       0       0
     517       1     643     644     623     622       0       0       0       0
     518       1     644     645     624     623       0       0       0       0
     519       1     645     646     625     624       0       0       0       0
     520       1     646     647     626     625       0       0       0       0
     521       1     648     649     628     627       0       0       0       0
     522       1     649     650     629     628       0       0       0       0
     523       1     650     651     630     629       0       0       0       0
     524       1     651     652     631     630       0       0       0       0
     525       1     652     653     632     631       0       0       0       0
     526       1     653     654     633     632       0       0       0       0
     527       1     654     655     634     633       0       0       0       0
     528       1     655     656     635     634       0       0       0       0
     529       1     656     657     636     635       0       0       0       0
     530       1     657     658     637     636       0       0       0       0
     531       1     658     659     638     637       0       0       0       0
     532       1     659     660     639     638       0       0       0       0
     533       1     660     661     640     639       0       0       0       0
     534       1     661     662     641     640       0       0       0       0
     535       1     662     663     642     641       0       0       0       0
     536       1     663     664     643     642       0       0       0       0
     537       1     664     665     644     643       0       0       0       0
     538       1     665     666     645     644       0       0       0       0
     539       1     666     667     646     645       0       0       0       0
     540       1     667     668     647     646       0       0       0       0
     541       1     669     670     649     648       0       0       0       0
     542       1     670     671     650     649       0       0       0       0
     543       1     671     672     651     650       0       0       0       0
     544       1     672     673     652     651       0       0       0       0
     545       1     673     674     653     652       0       0       0       0
     546       1     674     675     654     653       0       0       0       0
     547       1     675     676     655     654       0       0       0       0
     548       1     676     677     656     655       0       0       0       0
     549       1     677     678     657     656       0       0       0       0
     550       1     678     679     658     657       0       0       0       0
     551       1     679     680     659     658       0       0       0       0
     552       1     680     681     660     659       0       0       0       0
     553       1     681     682     661     660       0       0       0       0
     554       1     682     683     662     661       0       0       0       0
     555       1     683     684     663     662       0       0       0       0
     556       1     684     685     664     663       0       0       0       0
     557       1     685     686     665     664       0       0       0       0
     558       1     686     687     666     665       0       0       0       0
     559       1     687     688     667     666       0       0       0       0
     560       1     688     689     668     667       0       0       0       0
     561       1     690     691     670     669       0       0       0       0
     562       1     691     692     671     670       0       0       0       0
     563       1     692     693     672     671       0       0       0       0
     564       1     693     694     673     672       0       0       0       0
     565       1     694     695     674     673       0       0       0       0
     566       1     695     696     675     674       0       0       0       0
     567       1     696     697     676     675       0       0       0       0
     568       1     697     698     677     676       0       0       0       0
     569       1     698     699     678     677       0       0       0       0
     570       1     699     700     679     678       0       0       0       0
     571       1     700     701     680     679       0       0       0       0
     572       1     701     702     681     680       0       0       0       0
     573       1     702     703     682     681       0       0       0       0
     574       1     703     704     683     682       0       0       0       0
     575       1     704     705     684     683       0       0       0       0
     576       1     705     706     685     684       0       0       0       0
     577       1     706     707     686     685       0       0       0       0
     578       1     707     708     687     686       0       0       0       0
     579       1     708     709     688     687       0       0       0       0
     580       1     709     710     689     688       0       0       0       0
     581       1     711     712     691     690       0       0       0       0
     582       1     712     713     692     691       0       0       0       0
     583       1     713     714     693     692       0       0       0       0
     584       1     714     715     694     693       0       0       0       0
     585       1     715     716     695     694       0       0       0       0
     586       1     716     717     696     695       0       0       0       0
     587       1     717     718     697     696       0       0       0       0
     588       1     718     719     698     697       0       0       0       0
     589       1     719     720     699     698       0       0       0       0
     590       1     720     721     700     699       0       0       0       0
     591       1     721     722     701     700       0       0       0       0
     592       1     722     723     702     701       0       0       0       0
     593       1     723     724     703     702       0       0       0       0
     594       1     724     725     704     703       0       0       0       0
     595       1     725     726     705     704       0       0       0       0
     596       1     726     727     706     705       0       0       0       0
     597       1     727     728     707     706       0       0       0       0
     598       1     728     729     708     707       0       0       0       0
     599       1     729     730     709     708       0       0       0       0
     600       1     730     731     710     709       0       0       0       0
     601       1     732     733     712     711       0       0       0       0
     602       1     733     734     713     712       0       0       0       0
     603       1     734     735     714     713       0       0       0       0
     604       1     735     736     715     714       0       0       0       0
     605       1     736     737     716     715       0       0       0       0
     606       1     737     738     717     716       0       0       0       0
     607       1     738     739     718     717       0       0       0       0
     608       1     739     740     719     718       0       0       0       0
     609       1     740     741     720     719       0       0       0       0
     610       1     741     742     721     720       0       0       0       0
     611       1     742     743     722     721       0       0       0       0
     612       1     743     744     723     722       0       0       0       0
     613       1     744     745     724     723       0       0       0       0
     614       1     745     746     725     724       0       0       0       0
     615       1     746     747     726     725       0       0       0       0
     616       1     747     748     727     726       0       0       0       0
     617       1     748     749     728     727       0       0       0       0
     618       1     749     750     729     728       0       0       0       0
     619       1     750     751     730     729       0       0       0       0
     620       1     751     752     731     730       0       0       0       0
     621       1     753     754     733     732       0       0       0       0
     622       1     754     755     734     733       0       0       0       0
     623       1     755     756     735     734       0       0       0       0
     624       1     756     757     736     735       0       0       0       0
     625       1     757     758     737     736       0       0       0       0
     626       1     758     759     738     737       0       0       0       0
     627       1     759     760     739     738       0       0       0       0
     628       1     760     761     740     739       0       0       0       0
     629       1     761     762     741     740       0       0       0       0
     630       1     762     763     742     741       0       0       0       0
     631       1     763     764     743     742       0       0       0       0
     632       1     764     765     744     743       0       0       0       0
     633       1     765     766     745     744       0       0       0       0
     634       1     766     767     746     745       0       0       0       0
     635       1     767     768     747     746       0       0       0       0
     636       1     768     769     748     747       0       0       0       0
     637       1     769     770     749     748       0       0       0       0
     638       1     770     771     750     749       0       0       0       0
     639       1     771     772     751     750       0       0       0       0
     640       1     772     773     752     751       0       0       0       0
     641       1     774     775     754     753       0       0       0       0
     642       1     775     776     755     754       0       0       0       0
     643       1     776     777     756     755       0       0       0       0
     644       1     777     778     757     756       0       0       0       0
     645       1     778     779     758     757       0       0       0       0
     646       1     779     780     759     758       0       0       0       0
     647       1     780     781     760     759       0       0       0       0
     648       1     781     782     761     760       0       0       0       0
     649       1     782     783     762     761       0       0       0       0
     650       1     783     784     763     762       0       0       0       0
     651       1     784     785     764     763       0       0       0       0
     652       1     785     786     765     764       0       0       0       0
     653       1     786     787     766     765       0       0       0       0
     654       1     787     788     767     766       0       0       0       0
     655       1     788     789     768     767       0       0       0       0
     656       1     789     790     769     768       0       0       0       0
     657       1     790     791     770     769       0       0       0       0
     658       1     791     792     771     770       0       0       0       0
     659       1     792     793     772     771       0       0       0       0
     660       1     793     794     773     772       0       0       0       0
     661       1     795     796     775     774       0       0       0       0
     662       1     796     797     776     775       0       0       0       0
     663       1     797     798     777     776       0       0       0       0
     664       1     798     799     778     777       0       0       0       0
     665       1     799     800     779     778       0       0       0       0
     666       1     800     801     780     779       0       0       0       0
     667       1     801     802     781     780       0       0       0       0
     668       1     802     803     782     781       0       0       0       0
     669       1     803     804     783     782       0       0       0       0
     670       1     804     805     784     783       0       0       0       0
     671       1     805     806     785     784       0       0       0       0
     672       1     806     807     786     785       0       0       0       0
     673       1     807     808     787     786       0       0       0       0
     674       1     808     809     788     787       0       0       0       0
     675       1     809     810     789     788       0       0       0       0
     676       1     810     811     790     789       0       0       0       0
     677       1     811     812     791     790       0       0       0       0
     678       1     812     813     792     791       0       0       0       0
     679       1     813     814     793     792       0       0       0       0
     680       1     814     815     794     793       0       0       0       0
     681       1     816     817     796     795       0       0       0       0
     682       1     817     818     797     796       0       0       0       0
     683       1     818     819     798     797       0       0       0       0
     684       1     819     820     799     798       0       0       0       0
     685       1     820     821     800     799       0       0       0       0
     686       1     821     822     801     800       0       0       0       0
     687       1     822     823     802     801       0       0       0       0
     688       1     823     824     803     802       0       0       0       0
     689       1     824     825     804     803       0       0       0       0
     690       1     825     826     805     804       0       0       0       0
     691       1     826     827     806     805       0       0       0       0
     692       1     827     828     807     806       0       0       0       0
     693       1     828     829     808     807       0       0       0       0
     694       1     829     830     809     808       0       0       0       0
     695       1     830     831     810     809       0       0       0       0
     696       1     831     832     811     810       0       0       0       0
     697       1     832     833     812     811       0       0       0       0
     698       1     833     834     813     812       0       0       0       0
     699       1     834     835     814     813       0       0       0       0
     700       1     835     836     815     814       0       0       0       0
     701       1     837     838     817     816       0       0       0       0
     702       1     838     839     818     817       0       0       0       0
     703       1     839     840     819     818       0       0       0       0
     704       1     840     841     820     819       0       0       0       0
     705       1     841     842     821     820       0       0       0       0
     706       1     842     843     822     821       0       0       0       0
     707       1     843     844     823     822       0       0       0       0
     708       1     844     845     824     823       0       0       0       0
     709       1     845     846     825     824       0       0       0       0
     710       1     846     847     826     825       0       0       0       0
     711       1     847     848     827     826       0       0       0       0
     712       1     848     849     828     827       0       0       0       0
     713       1     849     850     829     828       0       0       0       0
     714       1     850     851     830     829       0       0       0       0
     715       1     851     852     831     830       0       0       0       0
     716       1     852     853     832     831       0       0       0       0
     717       1     853     854     833     832       0       0       0       0
     718       1     854     855     834     833       0       0       0       0
     719       1     855     856     835     834       0       0       0       0
     720       1     856     857     836     835       0       0       0       0
     721       1     858     859     838     837       0       0       0       0
     722       1     859     860     839     838       0       0       0       0
     723       1     860     861     840     839       0       0       0       0
     724       1     861     862     841     840       0       0       0       0
     725       1     862     863     842     841       0       0       0       0
     726       1     863     864     843     842       0       0       0       0
     727       1     864     865     844     843       0       0       0       0
     728       1     865     866     845     844       0       0       0       0
     729       1     866     867     846     845       0       0       0       0
     730       1     867     868     847     846       0       0       0       0
     731       1     868     869     848     847       0       0       0       0
     732       1     869     870     849     848       0       0       0       0
     733       1     870     871     850     849       0       0       0       0
     734       1     871     872     851     850       0       0       0       0
     735       1     872     873     852     851       0       0       0       0
     736       1     873     874     853     852       0       0       0       0
     737       1     874     875     854     853       0       0       0       0
     738       1     875     876     855     854       0       0       0       0
     739       1     876     877     856     855       0       0       0       0
     740       1     877     878     857     856       0       0       0       0
     741       1     879     880     859     858       0       0       0       0
     742       1     880     881     860     859       0       0       0       0
     743       1     881     882     861     860       0       0       0       0
     744       1     882     883     862     861       0       0       0       0
     745       1     883     884     863     862       0       0       0       0
     746       1     884     885     864     863       0       0       0       0
     747       1     885     886     865     864       0       0       0       0
     748       1     886     887     866     865       0       0       0       0
     749       1     887     888     867     866       0       0       0       0
     750       1     888     889     868     867       0       0       0       0
     751       1     889     890     869     868       0       0       0       0
     752       1     890     891     870     869       0       0       0       0
     753       1     891     892     871     870       0       0       0       0
     754       1     892     893     872     871       0       0       0       0
     755       1     893     894     873     872       0       0       0       0
     756       1     894     895     874     873       0       0       0       0
     757       1     895     896     875     874       0       0       0       0
     758       1     896     897     876     875       0       0       0       0
     759       1     897     898     877     876       0       0       0       0
     760       1     898     899     878     877       0       0       0       0
     761       1     900     901     880     879       0       0       0       0
     762       1     901     902     881     880       0       0       0       0
     763       1     902     903     882     881       0       0       0       0
     764       1     903     904     883     882       0       0       0       0
     765       1     904     905     884     883       0       0       0       0
     766       1     905     906     885     884       0       0       0       0
     767       1     906     907     886     885       0       0       0       0
     768       1     907     908     887     886       0       0       0       0
     769       1     908     909     888     887       0       0       0       0
     770       1     909     910     889     888       0       0       0       0
     771       1     910     911     890     889       0       0       0       0
     772       1     911     912     891     890       0       0       0       0
     773       1     912     913     892     891       0       0       0       0
     774       1     913     914     893     892       0       0       0       0
     775       1     914     915     894     893       0       0       0       0
     776       1     915     916     895     894       0       0       0       0
     777       1     916     917     896     895       0       0       0       0
     778       1     917     918     897     896       0       0       0       0
     779       1     918     919     898     897       0       0       0       0
     780       1     919     920     899     898       0       0       0       0
     781       1     921     922     901     900       0       0       0       0
     782       1     922     923     902     901       0       0       0       0
     783       1     923     924     903     902       0       0       0       0
     784       1     924     925     904     903       0       0       0       0
     785       1     925     926     905     904       0       0       0       0
     786       1     926     927     906     905       0       0       0       0
     787       1     927     928     907     906       0       0       0       0
     788       1     928     929     908     907       0       0       0       0
     789       1     929     930     909     908       0       0       0       0
     790       1     930     931     910     909       0       0       0       0
     791       1     931     932     911     910       0       0       0       0
     792       1     932     933     912     911       0       0       0       0
     793       1     933     934     913     912       0       0       0       0
     794       1     934     935     914     913       0       0       0       0
     795       1     935     936     915     914       0       0       0       0
     796       1     936     937     916     915       0       0       0       0
     797       1     937     938     917     916       0       0       0       0
     798       1     938     939     918     917       0       0       0       0
     799       1     939     940     919     918       0       0       0       0
     800       1     940     941     920     919       0       0       0       0
*NODE
     501           -10.0           -10.0             0.0       0       0
     502           -10.0            -9.0             0.0       0       0
     503           -10.0            -8.0             0.0       0       0
     504           -10.0            -7.0             0.0       0       0
     505           -10.0            -6.0             0.0       0       0
     506           -10.0            -5.0             0.0       0       0
     507           -10.0            -4.0             0.0       0       0
     508           -10.0            -3.0             0.0       0       0
     509           -10.0            -2.0             0.0       0       0
     510           -10.0      -0.9999995             0.0       0       0
     511           -10.0             0.0             0.0       0       0
     512           -10.0             1.0             0.0       0       0
     513           -10.0             2.0             0.0       0       0
     514           -10.0        3.000001             0.0       0       0
     515           -10.0             4.0             0.0       0       0
     516           -10.0             5.0             0.0       0       0
     517           -10.0             6.0             0.0       0       0
     518           -10.0             7.0             0.0       0       0
     519           -10.0             8.0             0.0       0       0
     520           -10.0             9.0             0.0       0       0
     521           -10.0            10.0             0.0       0       0
     522            -9.0           -10.0             0.0       0       0
     523            -9.0            -9.0             0.0       0       0
     524       -8.999999       -7.999999             0.0       0       0
     525            -9.0            -7.0             0.0       0       0
     526            -9.0            -6.0             0.0       0       0
     527            -9.0            -5.0             0.0       0       0
     528            -9.0            -4.0             0.0       0       0
     529       -8.999999       -2.999999             0.0       0       0
     530            -9.0            -2.0             0.0       0       0
     531            -9.0      -0.9999995             0.0       0       0
     532            -9.0             0.0             0.0       0       0
     533            -9.0             1.0             0.0       0       0
     534            -9.0             2.0             0.0       0       0
     535            -9.0        3.000001             0.0       0       0
     536       -8.999999             4.0             0.0       0       0
     537            -9.0             5.0             0.0       0       0
     538            -9.0             6.0             0.0       0       0
     539       -8.999999             7.0             0.0       0       0
     540            -9.0        8.000001             0.0       0       0
     541            -9.0             9.0             0.0       0       0
     542            -9.0            10.0             0.0       0       0
     543            -8.0           -10.0             0.0       0       0
     544            -8.0       -8.999999             0.0       0       0
     545            -8.0       -7.999999             0.0       0       0
     546            -8.0            -7.0             0.0       0       0
     547            -8.0            -6.0             0.0       0       0
     548            -8.0            -5.0             0.0       0       0
     549            -8.0            -4.0             0.0       0       0
     550            -8.0            -3.0             0.0       0       0
     551            -8.0            -2.0             0.0       0       0
     552            -8.0       -0.999999             0.0       0       0
     553            -8.0             0.0             0.0       0       0
     554            -8.0             1.0             0.0       0       0
     555            -8.0        2.000001             0.0       0       0
     556            -8.0        3.000001             0.0       0       0
     557            -8.0             4.0             0.0       0       0
     558            -8.0             5.0             0.0       0       0
     559            -8.0             6.0             0.0       0       0
     560            -8.0             7.0             0.0       0       0
     561            -8.0        8.000001             0.0       0       0
     562            -8.0        8.999999             0.0       0       0
     563            -8.0            10.0             0.0       0       0
     564            -7.0           -10.0             0.0       0       0
     565            -7.0            -9.0             0.0       0       0
     566            -7.0            -8.0             0.0       0       0
     567            -7.0            -7.0             0.0       0       0
     568            -7.0            -6.0             0.0       0       0
     569            -7.0            -5.0             0.0       0       0
     570            -7.0            -4.0             0.0       0       0
     571            -7.0            -3.0             0.0       0       0
     572            -7.0            -2.0             0.0       0       0
     573            -7.0       -0.999999             0.0       0       0
     574            -7.0             0.0             0.0       0       0
     575            -7.0             1.0             0.0       0       0
     576            -7.0             2.0             0.0       0       0
     577            -7.0        3.000001             0.0       0       0
     578            -7.0             4.0             0.0       0       0
     579            -7.0             5.0             0.0       0       0
     580            -7.0             6.0             0.0       0       0
     581            -7.0        7.000001             0.0       0       0
     582            -7.0        8.000001             0.0       0       0
     583            -7.0             9.0             0.0       0       0
     584            -7.0            10.0             0.0       0       0
     585            -6.0           -10.0             0.0       0       0
     586            -6.0            -9.0             0.0       0       0
     587            -6.0            -8.0             0.0       0       0
     588            -6.0            -7.0             0.0       0       0
     589            -6.0            -6.0             0.0       0       0
     590            -6.0            -5.0             0.0       0       0
     591            -6.0            -4.0             0.0       0       0
     592            -6.0            -3.0             0.0       0       0
     593       -6.000001            -2.0             0.0       0       0
     594            -6.0      -0.9999993             0.0       0       0
     595            -6.0             0.0             0.0       0       0
     596            -6.0             1.0             0.0       0       0
     597            -6.0             2.0             0.0       0       0
     598            -6.0        3.000001             0.0       0       0
     599            -6.0             4.0             0.0       0       0
     600            -6.0             5.0             0.0       0       0
     601            -6.0             6.0             0.0       0       0
     602            -6.0             7.0             0.0       0       0
     603            -6.0        8.000001             0.0       0       0
     604            -6.0             9.0             0.0       0       0
     605            -6.0            10.0             0.0       0       0
     606            -5.0           -10.0             0.0       0       0
     607            -5.0            -9.0             0.0       0       0
     608            -5.0            -8.0             0.0       0       0
     609            -5.0            -7.0             0.0       0       0
     610            -5.0            -6.0             0.0       0       0
     611            -5.0            -5.0             0.0       0       0
     612            -5.0            -4.0             0.0       0       0
     613            -5.0            -3.0             0.0       0       0
     614            -5.0            -2.0             0.0       0       0
     615            -5.0      -0.9999995             0.0       0       0
     616            -5.0             0.0             0.0       0       0
     617            -5.0             1.0             0.0       0       0
     618            -5.0             2.0             0.0       0       0
     619            -5.0             3.0             0.0       0       0
     620            -5.0             4.0             0.0       0       0
     621            -5.0             5.0             0.0       0       0
     622            -5.0             6.0             0.0       0       0
     623            -5.0        7.000001             0.0       0       0
     624            -5.0             8.0             0.0       0       0
     625            -5.0             9.0             0.0       0       0
     626            -5.0            10.0             0.0       0       0
     627            -4.0           -10.0             0.0       0       0
     628            -4.0            -9.0             0.0       0       0
     629            -4.0            -8.0             0.0       0       0
     630            -4.0            -7.0             0.0       0       0
     631            -4.0            -6.0             0.0       0       0
     632            -4.0            -5.0             0.0       0       0
     633            -4.0            -4.0             0.0       0       0
     634            -4.0            -3.0             0.0       0       0
     635            -4.0            -2.0             0.0       0       0
     636            -4.0      -0.9999995             0.0       0       0
     637            -4.0             0.0             0.0       0       0
     638            -4.0             1.0             0.0       0       0
     639            -4.0        2.000001             0.0       0       0
     640            -4.0        3.000001             0.0       0       0
     641            -4.0             4.0             0.0       0       0
     642            -4.0             5.0             0.0       0       0
     643            -4.0             6.0             0.0       0       0
     644            -4.0        7.000001             0.0       0       0
     645            -4.0        8.000001             0.0       0       0
     646            -4.0             9.0             0.0       0       0
     647            -4.0            10.0             0.0       0       0
     648            -3.0           -10.0             0.0       0       0
     649            -3.0       -8.999999             0.0       0       0
     650            -3.0            -8.0             0.0       0       0
     651            -3.0            -7.0             0.0       0       0
     652            -3.0            -6.0             0.0       0       0
     653            -3.0            -5.0             0.0       0       0
     654            -3.0       -3.999999             0.0       0       0
     655            -3.0       -2.999999             0.0       0       0
     656            -3.0            -2.0             0.0       0       0
     657            -3.0      -0.9999995             0.0       0       0
     658            -3.0             0.0             0.0       0       0
     659            -3.0       0.9999998             0.0       0       0
     660            -3.0        2.000001             0.0       0       0
     661            -3.0        3.000001             0.0       0       0
     662            -3.0             4.0             0.0       0       0
     663            -3.0             5.0             0.0       0       0
     664            -3.0             6.0             0.0       0       0
     665            -3.0             7.0             0.0       0       0
     666            -3.0             8.0             0.0       0       0
     667            -3.0        8.999999             0.0       0       0
     668            -3.0            10.0             0.0       0       0
     669            -2.0           -10.0             0.0       0       0
     670            -2.0            -9.0             0.0       0       0
     671            -2.0            -8.0             0.0       0       0
     672            -2.0            -7.0             0.0       0       0
     673            -2.0            -6.0             0.0       0       0
     674            -2.0            -5.0             0.0       0       0
     675            -2.0            -4.0             0.0       0       0
     676            -2.0            -3.0             0.0       0       0
     677            -2.0            -2.0             0.0       0       0
     678            -2.0      -0.9999993             0.0       0       0
     679            -2.0             0.0             0.0       0       0
     680            -2.0             1.0             0.0       0       0
     681            -2.0             2.0             0.0       0       0
     682            -2.0        3.000001             0.0       0       0
     683            -2.0             4.0             0.0       0       0
     684            -2.0             5.0             0.0       0       0
     685            -2.0             6.0             0.0       0       0
     686            -2.0        7.000001             0.0       0       0
     687            -2.0             8.0             0.0       0       0
     688            -2.0             9.0             0.0       0       0
     689            -2.0            10.0             0.0       0       0
     690      -0.9999995           -10.0             0.0       0       0
     691      -0.9999993            -9.0             0.0       0       0
     692      -0.9999991            -8.0             0.0       0       0
     693      -0.9999993            -7.0             0.0       0       0
     694      -0.9999994            -6.0             0.0       0       0
     695      -0.9999994            -5.0             0.0       0       0
     696      -0.9999994            -4.0             0.0       0       0
     697      -0.9999994            -3.0             0.0       0       0
     698      -0.9999994            -2.0             0.0       0       0
     699      -0.9999995      -0.9999995             0.0       0       0
     700      -0.9999995   -2.384186e-07             0.0       0       0
     701      -0.9999993             1.0             0.0       0       0
     702      -0.9999995             2.0             0.0       0       0
     703      -0.9999995             3.0             0.0       0       0
     704      -0.9999993             4.0             0.0       0       0
     705      -0.9999995             5.0             0.0       0       0
     706      -0.9999995             6.0             0.0       0       0
     707      -0.9999993             7.0             0.0       0       0
     708      -0.9999995             8.0             0.0       0       0
     709      -0.9999995             9.0             0.0       0       0
     710      -0.9999995            10.0             0.0       0       0
     711             0.0           -10.0             0.0       0       0
     712             0.0            -9.0             0.0       0       0
     713             0.0            -8.0             0.0       0       0
     714             0.0            -7.0             0.0       0       0
     715             0.0            -6.0             0.0       0       0
     716             0.0            -5.0             0.0       0       0
     717             0.0            -4.0             0.0       0       0
     718             0.0            -3.0             0.0       0       0
     719             0.0            -2.0             0.0       0       0
     720             0.0      -0.9999995             0.0       0       0
     721             0.0             0.0             0.0       0       0
     722             0.0             1.0             0.0       0       0
     723             0.0             2.0             0.0       0       0
     724             0.0        3.000001             0.0       0       0
     725             0.0             4.0             0.0       0       0
     726             0.0             5.0             0.0       0       0
     727             0.0             6.0             0.0       0       0
     728             0.0             7.0             0.0       0       0
     729             0.0             8.0             0.0       0       0
     730             0.0             9.0             0.0       0       0
     731             0.0            10.0             0.0       0       0
     732             1.0           -10.0             0.0       0       0
     733             1.0            -9.0             0.0       0       0
     734             1.0            -8.0             0.0       0       0
     735             1.0            -7.0             0.0       0       0
     736             1.0            -6.0             0.0       0       0
     737             1.0            -5.0             0.0       0       0
     738       0.9999999            -4.0             0.0       0       0
     739       0.9999998            -3.0             0.0       0       0
     740             1.0            -2.0             0.0       0       0
     741             1.0      -0.9999993             0.0       0       0
     742             1.0             0.0             0.0       0       0
     743             1.0             1.0             0.0       0       0
     744             1.0             2.0             0.0       0       0
     745             1.0        3.000001             0.0       0       0
     746             1.0             4.0             0.0       0       0
     747             1.0             5.0             0.0       0       0
     748             1.0             6.0             0.0       0       0
     749             1.0             7.0             0.0       0       0
     750             1.0        8.000001             0.0       0       0
     751             1.0             9.0             0.0       0       0
     752             1.0            10.0             0.0       0       0
     753             2.0           -10.0             0.0       0       0
     754             2.0            -9.0             0.0       0       0
     755        2.000001            -8.0             0.0       0       0
     756             2.0            -7.0             0.0       0       0
     757             2.0            -6.0             0.0       0       0
     758             2.0            -5.0             0.0       0       0
     759        2.000001            -4.0             0.0       0       0
     760        2.000001            -3.0             0.0       0       0
     761             2.0            -2.0             0.0       0       0
     762             2.0      -0.9999995             0.0       0       0
     763             2.0   -1.192093e-07             0.0       0       0
     764        2.000001             1.0             0.0       0       0
     765             2.0             2.0             0.0       0       0
     766        2.000001        3.000001             0.0       0       0
     767             2.0             4.0             0.0       0       0
     768             2.0             5.0             0.0       0       0
     769             2.0             6.0             0.0       0       0
     770             2.0        7.000001             0.0       0       0
     771             2.0             8.0             0.0       0       0
     772             2.0             9.0             0.0       0       0
     773             2.0            10.0             0.0       0       0
     774        3.000001           -10.0             0.0       0       0
     775        3.000001            -9.0             0.0       0       0
     776        3.000001            -8.0             0.0       0       0
     777        3.000001            -7.0             0.0       0       0
     778        3.000001            -6.0             0.0       0       0
     779             3.0            -5.0             0.0       0       0
     780        3.000001            -4.0             0.0       0       0
     781        3.000001            -3.0             0.0       0       0
     782        3.000001            -2.0             0.0       0       0
     783             3.0      -0.9999995             0.0       0       0
     784        3.000001             0.0             0.0       0       0
     785        3.000001             1.0             0.0       0       0
     786        3.000001        2.000001             0.0       0       0
     787        3.000001        3.000001             0.0       0       0
     788        3.000001             4.0             0.0       0       0
     789             3.0             5.0             0.0       0       0
     790             3.0             6.0             0.0       0       0
     791             3.0             7.0             0.0       0       0
     792        3.000001             8.0             0.0       0       0
     793        3.000001             9.0             0.0       0       0
     794        3.000001            10.0             0.0       0       0
     795             4.0           -10.0             0.0       0       0
     796             4.0            -9.0             0.0       0       0
     797             4.0            -8.0             0.0       0       0
     798             4.0            -7.0             0.0       0       0
     799             4.0            -6.0             0.0       0       0
     800             4.0            -5.0             0.0       0       0
     801             4.0            -4.0             0.0       0       0
     802        3.999999            -3.0             0.0       0       0
     803             4.0            -2.0             0.0       0       0
     804             4.0      -0.9999994             0.0       0       0
     805             4.0             0.0             0.0       0       0
     806             4.0             1.0             0.0       0       0
     807             4.0        2.000001             0.0       0       0
     808             4.0        3.000001             0.0       0       0
     809        3.999999             4.0             0.0       0       0
     810             4.0             5.0             0.0       0       0
     811             4.0             6.0             0.0       0       0
     812             4.0        7.000001             0.0       0       0
     813             4.0        8.000001             0.0       0       0
     814             4.0             9.0             0.0       0       0
     815             4.0            10.0             0.0       0       0
     816             5.0           -10.0             0.0       0       0
     817             5.0            -9.0             0.0       0       0
     818             5.0            -8.0             0.0       0       0
     819             5.0            -7.0             0.0       0       0
     820             5.0            -6.0             0.0       0       0
     821             5.0            -5.0             0.0       0       0
     822             5.0            -4.0             0.0       0       0
     823             5.0            -3.0             0.0       0       0
     824             5.0            -2.0             0.0       0       0
     825             5.0      -0.9999995             0.0       0       0
     826             5.0             0.0             0.0       0       0
     827             5.0             1.0             0.0       0       0
     828             5.0             2.0             0.0       0       0
     829             5.0             3.0             0.0       0       0
     830             5.0             4.0             0.0       0       0
     831             5.0             5.0             0.0       0       0
     832             5.0             6.0             0.0       0       0
     833             5.0        7.000001             0.0       0       0
     834             5.0             8.0             0.0       0       0
     835             5.0             9.0             0.0       0       0
     836             5.0            10.0             0.0       0       0
     837             6.0           -10.0             0.0       0       0
     838             6.0            -9.0             0.0       0       0
     839             6.0            -8.0             0.0       0       0
     840             6.0            -7.0             0.0       0       0
     841             6.0            -6.0             0.0       0       0
     842             6.0            -5.0             0.0       0       0
     843             6.0            -4.0             0.0       0       0
     844             6.0            -3.0             0.0       0       0
     845        6.000001            -2.0             0.0       0       0
     846             6.0      -0.9999994             0.0       0       0
     847             6.0   -5.960464e-08             0.0       0       0
     848             6.0             1.0             0.0       0       0
     849             6.0             2.0             0.0       0       0
     850             6.0        3.000001             0.0       0       0
     851             6.0             4.0             0.0       0       0
     852             6.0             5.0             0.0       0       0
     853             6.0             6.0             0.0       0       0
     854             6.0             7.0             0.0       0       0
     855             6.0        8.000001             0.0       0       0
     856             6.0             9.0             0.0       0       0
     857             6.0            10.0             0.0       0       0
     858             7.0           -10.0             0.0       0       0
     859             7.0            -9.0             0.0       0       0
     860             7.0       -7.999999             0.0       0       0
     861        7.000001            -7.0             0.0       0       0
     862             7.0            -6.0             0.0       0       0
     863        7.000001            -5.0             0.0       0       0
     864        7.000001            -4.0             0.0       0       0
     865             7.0            -3.0             0.0       0       0
     866        7.000001            -2.0             0.0       0       0
     867             7.0      -0.9999993             0.0       0       0
     868             7.0   -1.192093e-07             0.0       0       0
     869             7.0             1.0             0.0       0       0
     870        7.000001             2.0             0.0       0       0
     871             7.0        3.000001             0.0       0       0
     872        7.000001             4.0             0.0       0       0
     873             7.0             5.0             0.0       0       0
     874        7.000001             6.0             0.0       0       0
     875        7.000001             7.0             0.0       0       0
     876             7.0        8.000001             0.0       0       0
     877             7.0             9.0             0.0       0       0
     878             7.0            10.0             0.0       0       0
     879             8.0           -10.0             0.0       0       0
     880             8.0            -9.0             0.0       0       0
     881             8.0            -8.0             0.0       0       0
     882        8.000001            -7.0             0.0       0       0
     883        8.000001            -6.0             0.0       0       0
     884             8.0            -5.0             0.0       0       0
     885             8.0            -4.0             0.0       0       0
     886        8.000001            -3.0             0.0       0       0
     887        8.000001            -2.0             0.0       0       0
     888        8.000001      -0.9999995             0.0       0       0
     889             8.0   -1.788139e-07             0.0       0       0
     890        8.000001             1.0             0.0       0       0
     891        8.000001             2.0             0.0       0       0
     892             8.0        3.000001             0.0       0       0
     893        8.000001             4.0             0.0       0       0
     894             8.0             5.0             0.0       0       0
     895             8.0             6.0             0.0       0       0
     896        8.000001             7.0             0.0       0       0
     897        8.000001        8.000001             0.0       0       0
     898        8.000001             9.0             0.0       0       0
     899             8.0            10.0             0.0       0       0
     900             9.0           -10.0             0.0       0       0
     901             9.0            -9.0             0.0       0       0
     902        8.999999       -7.999999             0.0       0       0
     903             9.0            -7.0             0.0       0       0
     904        8.999999            -6.0             0.0       0       0
     905             9.0            -5.0             0.0       0       0
     906             9.0            -4.0             0.0       0       0
     907        8.999999       -2.999999             0.0       0       0
     908             9.0            -2.0             0.0       0       0
     909        8.999999      -0.9999993             0.0       0       0
     910             9.0    5.960464e-08             0.0       0       0
     911             9.0             1.0             0.0       0       0
     912        8.999999             2.0             0.0       0       0
     913             9.0        3.000001             0.0       0       0
     914        8.999999             4.0             0.0       0       0
     915             9.0             5.0             0.0       0       0
     916             9.0             6.0             0.0       0       0
     917        8.999999             7.0             0.0       0       0
     918             9.0        8.000001             0.0       0       0
     919        8.999999             9.0             0.0       0       0
     920             9.0            10.0             0.0       0       0
     921            10.0           -10.0             0.0       0       0
     922            10.0            -9.0             0.0       0       0
     923            10.0            -8.0             0.0       0       0
     924            10.0            -7.0             0.0       0       0
     925            10.0            -6.0             0.0       0       0
     926            10.0            -5.0             0.0       0       0
     927            10.0            -4.0             0.0       0       0
     928            10.0            -3.0             0.0       0       0
     929            10.0            -2.0             0.0       0       0
     930            10.0      -0.9999995             0.0       0       0
     931            10.0             0.0             0.0       0       0
     932            10.0             1.0             0.0       0       0
     933            10.0             2.0             0.0       0       0
     934            10.0        3.000001             0.0       0       0
     935            10.0             4.0             0.0       0       0
     936            10.0             5.0             0.0       0       0
     937            10.0             6.0             0.0       0       0
     938            10.0             7.0             0.0       0       0
     939            10.0             8.0             0.0       0       0
     940            10.0             9.0             0.0       0       0
     941            10.0            10.0             0.0       0       0
     942       -1.171573       -1.171573        3.828427       0       0
     943       -1.171573       -1.171573        4.297056       0       0
     944       -1.171573       -1.171573        4.765686       0       0
     945       -1.171573       -1.171573        5.234314       0       0
     946       -1.171573       -1.171573        5.702944       0       0
     947       -1.171573       -1.171573        6.171573       0       0
     948       -1.171573      -0.7029438        3.828427       0       0
     949       -1.171573      -0.7029438        4.297056       0       0
     950       -1.171573      -0.7029438        4.765686       0       0
     951       -1.171573      -0.7029438        5.234314       0       0
     952       -1.171573      -0.7029438        5.702944       0       0
     953       -1.171573      -0.7029438        6.171573       0       0
     954       -1.171573      -0.2343146        3.828427       0       0
     955       -1.171573      -0.2343146        4.297056       0       0
     956       -1.171573      -0.2343146        4.765686       0       0
     957       -1.171573      -0.2343146        5.234314       0       0
     958       -1.171573      -0.2343146        5.702944       0       0
     959       -1.171573      -0.2343146        6.171573       0       0
     960       -1.171573       0.2343146        3.828427       0       0
     961       -1.171573       0.2343146        4.297056       0       0
     962       -1.171573       0.2343146        4.765686       0       0
     963       -1.171573       0.2343146        5.234314       0       0
     964       -1.171573       0.2343146        5.702944       0       0
     965       -1.171573       0.2343146        6.171573       0       0
     966       -1.171573       0.7029437        3.828427       0       0
     967       -1.171573       0.7029437        4.297056       0       0
     968       -1.171573       0.7029437        4.765686       0       0
     969       -1.171573       0.7029437        5.234314       0       0
     970       -1.171573       0.7029437        5.702944       0       0
     971       -1.171573       0.7029437        6.171573       0       0
     972       -1.171573        1.171573        3.828427       0       0
     973       -1.171573        1.171573        4.297056       0       0
     974       -1.171573        1.171573        4.765686       0       0
     975       -1.171573        1.171573        5.234314       0       0
     976       -1.171573        1.171573        5.702944       0       0
     977       -1.171573        1.171573        6.171573       0       0
     978      -0.7029438       -1.171573        3.828427       0       0
     979      -0.7029438       -1.171573        4.297056       0       0
     980      -0.7029438       -1.171573        4.765686       0       0
     981      -0.7029438       -1.171573        5.234314       0       0
     982      -0.7029438       -1.171573        5.702944       0       0
     983      -0.7029438       -1.171573        6.171573       0       0
     984      -0.7029438      -0.7029438        3.828427       0       0
     985      -0.7029438      -0.7029438        4.297056       0       0
     986      -0.7029438      -0.7029438        4.765686       0       0
     987      -0.7029438      -0.7029438        5.234314       0       0
     988      -0.7029438      -0.7029438        5.702944       0       0
     989      -0.7029438      -0.7029438        6.171573       0       0
     990      -0.7029438      -0.2343146        3.828427       0       0
     991      -0.7029438      -0.2343146        4.297056       0       0
     992      -0.7029438      -0.2343146        4.765686       0       0
     993      -0.7029438      -0.2343146        5.234314       0       0
     994      -0.7029438      -0.2343146        5.702944       0       0
     995      -0.7029438      -0.2343146        6.171573       0       0
     996      -0.7029438       0.2343146        3.828427       0       0
     997      -0.7029438       0.2343146        4.297056       0       0
     998      -0.7029438       0.2343146        4.765686       0       0
     999      -0.7029438       0.2343146        5.234314       0       0
    1000      -0.7029438       0.2343146        5.702944       0       0
    1001      -0.7029438       0.2343146        6.171573       0       0
    1002      -0.7029438       0.7029437        3.828427       0       0
    1003      -0.7029438       0.7029437        4.297056       0       0
    1004      -0.7029438       0.7029437        4.765686       0       0
    1005      -0.7029438       0.7029437        5.234314       0       0
    1006      -0.7029438       0.7029437        5.702944       0       0
    1007      -0.7029438       0.7029437        6.171573       0       0
    1008      -0.7029438        1.171573        3.828427       0       0
    1009      -0.7029438        1.171573        4.297056       0       0
    1010      -0.7029438        1.171573        4.765686       0       0
    1011      -0.7029438        1.171573        5.234314       0       0
    1012      -0.7029438        1.171573        5.702944       0       0
    1013      -0.7029438        1.171573        6.171573       0       0
    1014      -0.2343146       -1.171573        3.828427       0       0
    1015      -0.2343146       -1.171573        4.297056       0       0
    1016      -0.2343146       -1.171573        4.765686       0       0
    1017      -0.2343146       -1.171573        5.234314       0       0
    1018      -0.2343146       -1.171573        5.702944       0       0
    1019      -0.2343146       -1.171573        6.171573       0       0
    1020      -0.2343146      -0.7029438        3.828427       0       0
    1021      -0.2343146      -0.7029438        4.297056       0       0
    1022      -0.2343146      -0.7029438        4.765686       0       0
    1023      -0.2343146      -0.7029438        5.234314       0       0
    1024      -0.2343146      -0.7029438        5.702944       0       0
    1025      -0.2343146      -0.7029438        6.171573       0       0
    1026      -0.2343146      -0.2343146        3.828427       0       0
    1027      -0.2343146      -0.2343146        4.297056       0       0
    1028      -0.2343146      -0.2343146        4.765686       0       0
    1029      -0.2343146      -0.2343146        5.234314       0       0
    1030      -0.2343146      -0.2343146        5.702944       0       0
    1031      -0.2343146      -0.2343146        6.171573       0       0
    1032      -0.2343146       0.2343146        3.828427       0       0
    1033      -0.2343146       0.2343146        4.297056       0       0
    1034      -0.2343146       0.2343146        4.765686       0       0
    1035      -0.2343146       0.2343146        5.234314       0       0
    1036      -0.2343146       0.2343146        5.702944       0       0
    1037      -0.2343146       0.2343146        6.171573       0       0
    1038      -0.2343146       0.7029437        3.828427       0       0
    1039      -0.2343146       0.7029437        4.297056       0       0
    1040      -0.2343146       0.7029437        4.765686       0       0
    1041      -0.2343146       0.7029437        5.234314       0       0
    1042      -0.2343146       0.7029437        5.702944       0       0
    1043      -0.2343146       0.7029437        6.171573       0       0
    1044      -0.2343146        1.171573        3.828427       0       0
    1045      -0.2343146        1.171573        4.297056       0       0
    1046      -0.2343146        1.171573        4.765686       0       0
    1047      -0.2343146        1.171573        5.234314       0       0
    1048      -0.2343146        1.171573        5.702944       0       0
    1049      -0.2343146        1.171573        6.171573       0       0
    1050       0.2343146       -1.171573        3.828427       0       0
    1051       0.2343146       -1.171573        4.297056       0       0
    1052       0.2343146       -1.171573        4.765686       0       0
    1053       0.2343146       -1.171573        5.234314       0       0
    1054       0.2343146       -1.171573        5.702944       0       0
    1055       0.2343146       -1.171573        6.171573       0       0
    1056       0.2343146      -0.7029438        3.828427       0       0
    1057       0.2343146      -0.7029438        4.297056       0       0
    1058       0.2343146      -0.7029438        4.765686       0       0
    1059       0.2343146      -0.7029438        5.234314       0       0
    1060       0.2343146      -0.7029438        5.702944       0       0
    1061       0.2343146      -0.7029438        6.171573       0       0
    1062       0.2343146      -0.2343146        3.828427       0       0
    1063       0.2343146      -0.2343146        4.297056       0       0
    1064       0.2343146      -0.2343146        4.765686       0       0
    1065       0.2343146      -0.2343146        5.234314       0       0
    1066       0.2343146      -0.2343146        5.702944       0       0
    1067       0.2343146      -0.2343146        6.171573       0       0
    1068       0.2343146       0.2343146        3.828427       0       0
    1069       0.2343146       0.2343146        4.297056       0       0
    1070       0.2343146       0.2343146        4.765686       0       0
    1071       0.2343146       0.2343146        5.234314       0       0
    1072       0.2343146       0.2343146        5.702944       0       0
    1073       0.2343146       0.2343146        6.171573       0       0
    1074       0.2343146       0.7029437        3.828427       0       0
    1075       0.2343146       0.7029437        4.297056       0       0
    1076       0.2343146       0.7029437        4.765686       0       0
    1077       0.2343146       0.7029437        5.234314       0       0
    1078       0.2343146       0.7029437        5.702944       0       0
    1079       0.2343146       0.7029437        6.171573       0       0
    1080       0.2343146        1.171573        3.828427       0       0
    1081       0.2343146        1.171573        4.297056       0       0
    1082       0.2343146        1.171573        4.765686       0       0
    1083       0.2343146        1.171573        5.234314       0       0
    1084       0.2343146        1.171573        5.702944       0       0
    1085       0.2343146        1.171573        6.171573       0       0
    1086       0.7029437       -1.171573        3.828427       0       0
    1087       0.7029437       -1.171573        4.297056       0       0
    1088       0.7029437       -1.171573        4.765686       0       0
    1089       0.7029437       -1.171573        5.234314       0       0
    1090       0.7029437       -1.171573        5.702944       0       0
    1091       0.7029437       -1.171573        6.171573       0       0
    1092       0.7029437      -0.7029438        3.828427       0       0
    1093       0.7029437      -0.7029438        4.297056       0       0
    1094       0.7029437      -0.7029438        4.765686       0       0
    1095       0.7029437      -0.7029438        5.234314       0       0
    1096       0.7029437      -0.7029438        5.702944       0       0
    1097       0.7029437      -0.7029438        6.171573       0       0
    1098       0.7029437      -0.2343146        3.828427       0       0
    1099       0.7029437      -0.2343146        4.297056       0       0
    1100       0.7029437      -0.2343146        4.765686       0       0
    1101       0.7029437      -0.2343146        5.234314       0       0
    1102       0.7029437      -0.2343146        5.702944       0       0
    1103       0.7029437      -0.2343146        6.171573       0       0
    1104       0.7029437       0.2343146        3.828427       0       0
    1105       0.7029437       0.2343146        4.297056       0       0
    1106       0.7029437       0.2343146        4.765686       0       0
    1107       0.7029437       0.2343146        5.234314       0       0
    1108       0.7029437       0.2343146        5.702944       0       0
    1109       0.7029437       0.2343146        6.171573       0       0
    1110       0.7029437       0.7029437        3.828427       0       0
    1111       0.7029437       0.7029437        4.297056       0       0
    1112       0.7029437       0.7029437        4.765686       0       0
    1113       0.7029437       0.7029437        5.234314       0       0
    1114       0.7029437       0.7029437        5.702944       0       0
    1115       0.7029437       0.7029437        6.171573       0       0
    1116       0.7029437        1.171573        3.828427       0       0
    1117       0.7029437        1.171573        4.297056       0       0
    1118       0.7029437        1.171573        4.765686       0       0
    1119       0.7029437        1.171573        5.234314       0       0
    1120       0.7029437        1.171573        5.702944       0       0
    1121       0.7029437        1.171573        6.171573       0       0
    1122        1.171573       -1.171573        3.828427       0       0
    1123        1.171573       -1.171573        4.297056       0       0
    1124        1.171573       -1.171573        4.765686       0       0
    1125        1.171573       -1.171573        5.234314       0       0
    1126        1.171573       -1.171573        5.702944       0       0
    1127        1.171573       -1.171573        6.171573       0       0
    1128        1.171573      -0.7029438        3.828427       0       0
    1129        1.171573      -0.7029438        4.297056       0       0
    1130        1.171573      -0.7029438        4.765686       0       0
    1131        1.171573      -0.7029438        5.234314       0       0
    1132        1.171573      -0.7029438        5.702944       0       0
    1133        1.171573      -0.7029438        6.171573       0       0
    1134        1.171573      -0.2343146        3.828427       0       0
    1135        1.171573      -0.2343146        4.297056       0       0
    1136        1.171573      -0.2343146        4.765686       0       0
    1137        1.171573      -0.2343146        5.234314       0       0
    1138        1.171573      -0.2343146        5.702944       0       0
    1139        1.171573      -0.2343146        6.171573       0       0
    1140        1.171573       0.2343146        3.828427       0       0
    1141        1.171573       0.2343146        4.297056       0       0
    1142        1.171573       0.2343146        4.765686       0       0
    1143        1.171573       0.2343146        5.234314       0       0
    1144        1.171573       0.2343146        5.702944       0       0
    1145        1.171573       0.2343146        6.171573       0       0
    1146        1.171573       0.7029437        3.828427       0       0
    1147        1.171573       0.7029437        4.297056       0       0
    1148        1.171573       0.7029437        4.765686       0       0
    1149        1.171573       0.7029437        5.234314       0       0
    1150        1.171573       0.7029437        5.702944       0       0
    1151        1.171573       0.7029437        6.171573       0       0
    1152        1.171573        1.171573        3.828427       0       0
    1153        1.171573        1.171573        4.297056       0       0
    1154        1.171573        1.171573        4.765686       0       0
    1155        1.171573        1.171573        5.234314       0       0
    1156        1.171573        1.171573        5.702944       0       0
    1157        1.171573        1.171573        6.171573       0       0
    1158         1.49737       0.2994741         3.50263       0       0
    1159      -0.3414118       0.3414117        3.292941       0       0
    1160        -1.49737       0.2994741         3.50263       0       0
    1161       0.9680289      -0.3226764        3.386618       0       0
    1162      -0.3414118      -0.3414118        3.292942       0       0
    1163        -1.49737      -0.2994741         3.50263       0       0
    1164       0.3226763      -0.9680291        3.386618       0       0
    1165      -0.9283516      -0.9283516        3.452747       0       0
    1166       -1.458014      -0.8748084        3.541986       0       0
    1167        1.399139       -1.399139        3.600862       0       0
    1168       0.8748083       -1.458014        3.541986       0       0
    1169       0.2994741        -1.49737         3.50263       0       0
    1170      -0.8748084       -1.458014        3.541986       0       0
    1171       -1.390402       -2.317337        2.682663       0       0
    1172       -1.399139        1.399139        3.600862       0       0
    1173       -1.823168       0.3646335        3.176832       0       0
    1174       -2.030896       -1.218538        2.969104       0       0
    1175        -1.85427         1.85427         3.14573       0       0
    1176        1.823168       0.3646335        3.176832       0       0
    1177       0.4485089       0.4485089        2.757455       0       0
    1178       0.4993998         -1.4982        2.503001       0       0
    1179        0.429793        2.148965        2.851035       0       0
    1180      -0.4949526        2.474763        2.525237       0       0
    1181       0.2994741         1.49737         3.50263       0       0
    1182        2.030896       -1.218538        2.969104       0       0
    1183         1.85427         1.85427         3.14573       0       0
    1184        1.562267       -2.603778        2.396222       0       0
    1185       -1.399139       -1.399139        3.600862       0       0
    1186       -1.046673       -1.744455        3.255545       0       0
    1187       -1.153759        1.153759        3.077068       0       0
    1188        -2.80056      -0.5601121         2.19944       0       0
    1189       0.3646335       -1.823168        3.176832       0       0
    1190        0.555606      -0.5556061         2.22197       0       0
    1191      -0.7698005       0.7698003        1.150998       0       0
    1192        1.153759       -1.153759        3.077068       0       0
    1193        1.498199       0.4993998        2.503001       0       0
    1194        1.562267        2.603778        7.603778       0       0
    1195        1.458014       -1.458014        4.125192       0       0
    1196         1.49737        -1.49737        4.700526       0       0
    1197         1.49737        -1.49737        5.299474       0       0
    1198        1.458014       -1.458014        5.874808       0       0
    1199        1.399139       -1.399139        6.399138       0       0
    1200        1.458014      -0.8748084        3.541986       0       0
    1201        1.547253      -0.9283516        4.071649       0       0
    1202        1.613382      -0.9680291        4.677324       0       0
    1203        1.613382      -0.9680291        5.322676       0       0
    1204        1.547253      -0.9283516        5.928351       0       0
    1205        1.458014      -0.8748084        6.458014       0       0
    1206         1.49737      -0.2994741         3.50263       0       0
    1207        1.613382      -0.3226764        4.031971       0       0
    1208        1.707059      -0.3414118        4.658588       0       0
    1209        1.707059      -0.3414118        5.341412       0       0
    1210        1.613382      -0.3226764        5.968029       0       0
    1211         1.49737      -0.2994741         6.49737       0       0
    1212       -2.309401        2.309401        7.309402       0       0
    1213        1.613382       0.3226763        4.031971       0       0
    1214        1.707059       0.3414117        4.658588       0       0
    1215        1.707059       0.3414117        5.341412       0       0
    1216        1.613382       0.3226763        5.968029       0       0
    1217         1.49737       0.2994741         6.49737       0       0
    1218        1.458014       0.8748083        3.541986       0       0
    1219        1.547253       0.9283515        4.071649       0       0
    1220        1.613382       0.9680289        4.677324       0       0
    1221        1.613382        0.968029        5.322676       0       0
    1222        1.547253       0.9283515        5.928351       0       0
    1223        1.458014       0.8748083        6.458014       0       0
    1224        1.399139        1.399139        3.600862       0       0
    1225        1.458014        1.458014        4.125192       0       0
    1226         1.49737         1.49737        4.700526       0       0
    1227         1.49737         1.49737        5.299474       0       0
    1228        1.458014        1.458014        5.874808       0       0
    1229        1.399139        1.399139        6.399138       0       0
    1230        1.626704       -1.626704        3.373296       0       0
    1231        1.744455       -1.744455        3.953327       0       0
    1232        1.823168       -1.823168        4.635366       0       0
    1233        1.823168       -1.823168        5.364634       0       0
    1234        1.744455       -1.744455        6.046673       0       0
    1235        1.626704       -1.626704        6.626704       0       0
    1236        1.744455       -1.046673        3.255545       0       0
    1237        1.922932       -1.153759        3.846241       0       0
    1238        2.055191       -1.233114        4.588962       0       0
    1239        2.055191       -1.233114        5.411038       0       0
    1240        1.922932       -1.153759        6.153759       0       0
    1241        1.744455       -1.046673        6.744455       0       0
    1242        1.823168      -0.3646336        3.176832       0       0
    1243        2.055191      -0.4110382        3.766886       0       0
    1244        2.242544      -0.4485089        4.551491       0       0
    1245        2.242545       -0.448509        5.448509       0       0
    1246        2.055191      -0.4110382        6.233114       0       0
    1247        1.823168      -0.3646336        6.823168       0       0
    1248         2.02837       0.6761233        8.380617       0       0
    1249        2.055191       0.4110381        3.766886       0       0
    1250        2.242545       0.4485089        4.551491       0       0
    1251        2.242545       0.4485089        5.448509       0       0
    1252        2.055191       0.4110381        6.233114       0       0
    1253        1.823168       0.3646335        6.823168       0       0
    1254        1.744455        1.046673        3.255545       0       0
    1255        1.922932        1.153759        3.846241       0       0
    1256        2.055191        1.233114        4.588962       0       0
    1257        2.055191        1.233114        5.411038       0       0
    1258        1.922932        1.153759        6.153759       0       0
    1259        1.744455        1.046673        6.744455       0       0
    1260        1.626704        1.626704        3.373296       0       0
    1261        1.744455        1.744455        3.953327       0       0
    1262        1.823168        1.823168        4.635366       0       0
    1263        1.823168        1.823168        5.364634       0       0
    1264        1.744455        1.744455        6.046673       0       0
    1265        1.626704        1.626704        6.626704       0       0
    1266         1.85427        -1.85427         3.14573       0       0
    1267        2.030896       -2.030896        3.781462       0       0
    1268        2.148965       -2.148965        4.570207       0       0
    1269        2.148965       -2.148965        5.429793       0       0
    1270        2.030896       -2.030896        6.218537       0       0
    1271         1.85427        -1.85427         6.85427       0       0
    1272      -0.7698003      -0.7698005        8.849002       0       0
    1273        2.298612       -1.379167        3.620833       0       0
    1274        2.496999         -1.4982          4.5006       0       0
    1275        2.496999         -1.4982          5.4994       0       0
    1276        2.298612       -1.379167        6.379167       0       0
    1277        2.030896       -1.218538        7.030896       0       0
    1278        2.148965      -0.4297931        2.851035       0       0
    1279        2.496999      -0.4993999          3.5018       0       0
    1280         2.77803      -0.5556061        4.444394       0       0
    1281         2.77803      -0.5556061        5.555606       0       0
    1282        2.496999      -0.4993999        6.498199       0       0
    1283        2.148965      -0.4297931        7.148965       0       0
    1284        2.148965        0.429793        2.851035       0       0
    1285        2.496999       0.4993998          3.5018       0       0
    1286         2.77803        0.555606        4.444394       0       0
    1287         2.77803        0.555606        5.555606       0       0
    1288        2.496999       0.4993998        6.498199       0       0
    1289        2.148965        0.429793        7.148965       0       0
    1290        2.030896        1.218538        2.969104       0       0
    1291        2.298612        1.379167        3.620833       0       0
    1292        2.496999        1.498199          4.5006       0       0
    1293        2.496999        1.498199          5.4994       0       0
    1294        2.298612        1.379167        6.379167       0       0
    1295        2.030896        1.218538        7.030896       0       0
    1296       0.7698004      -0.7698004        8.849001       0       0
    1297        2.030896        2.030896        3.781462       0       0
    1298        2.148965        2.148965        4.570207       0       0
    1299        2.148965        2.148965        5.429793       0       0
    1300        2.030896        2.030896        6.218537       0       0
    1301         1.85427         1.85427         6.85427       0       0
    1302        2.081836       -2.081836        2.918164       0       0
    1303        2.317337       -2.317337        3.609598       0       0
    1304        2.474763       -2.474763        4.505047       0       0
    1305        2.474763       -2.474763        5.494953       0       0
    1306        2.317337       -2.317337        6.390402       0       0
    1307        2.081836       -2.081836        7.081836       0       0
    1308        2.317337       -1.390402        2.682663       0       0
    1309        2.674292       -1.604575        3.395425       0       0
    1310        2.938808       -1.763285        4.412238       0       0
    1311        2.938808       -1.763285        5.587761       0       0
    1312        2.674292       -1.604575        6.604575       0       0
    1313        2.317337       -1.390402        7.317337       0       0
    1314        2.474763      -0.4949526        2.525237       0       0
    1315        2.938808      -0.5877618        3.236715       0       0
    1316        3.313515      -0.6627032        4.337297       0       0
    1317        3.313516      -0.6627033        5.662703       0       0
    1318        2.938808      -0.5877618        6.763285       0       0
    1319        2.474763      -0.4949526        7.474763       0       0
    1320        2.474763       0.4949525        2.525237       0       0
    1321        2.938808       0.5877616        3.236715       0       0
    1322        3.313516       0.6627032        4.337296       0       0
    1323        3.313516       0.6627032        5.662703       0       0
    1324        2.938808       0.5877616        6.763285       0       0
    1325        2.474763       0.4949525        7.474763       0       0
    1326        2.317337        1.390402        2.682663       0       0
    1327        2.674292        1.604575        3.395425       0       0
    1328        2.938808        1.763285        4.412238       0       0
    1329        2.938808        1.763285        5.587762       0       0
    1330        2.674292        1.604575        6.604575       0       0
    1331        2.317337        1.390402        7.317337       0       0
    1332        2.081836        2.081836        2.918164       0       0
    1333        2.317337        2.317337        3.609598       0       0
    1334        2.474763        2.474763        4.505047       0       0
    1335        2.474763        2.474763        5.494953       0       0
    1336        2.317337        2.317337        6.390402       0       0
    1337        2.081836        2.081836        7.081836       0       0
    1338        2.309401       -2.309401        2.690599       0       0
    1339        2.603778       -2.603778        3.437733       0       0
    1340         2.80056        -2.80056        4.439888       0       0
    1341         2.80056        -2.80056        5.560112       0       0
    1342        2.603778       -2.603778        6.562267       0       0
    1343        2.309401       -2.309401        7.309402       0       0
    1344        2.603778       -1.562267        2.396222       0       0
    1345        3.049971       -1.829983        3.170017       0       0
    1346        3.380617        -2.02837        4.323876       0       0
    1347        3.380617        -2.02837        5.676123       0       0
    1348        3.049972       -1.829983        6.829983       0       0
    1349        2.603778       -1.562267        7.603778       0       0
    1350         2.80056      -0.5601121         2.19944       0       0
    1351        3.380617      -0.6761235         2.97163       0       0
    1352        3.849001      -0.7698004          4.2302       0       0
    1353        3.849002      -0.7698005          5.7698       0       0
    1354        3.380617      -0.6761235         7.02837       0       0
    1355         2.80056      -0.5601121         7.80056       0       0
    1356         2.80056        0.560112         2.19944       0       0
    1357        3.380617       0.6761233         2.97163       0       0
    1358        3.849002       0.7698003        4.230199       0       0
    1359        3.849002       0.7698003          5.7698       0       0
    1360        3.380617       0.6761234         7.02837       0       0
    1361         2.80056        0.560112         7.80056       0       0
    1362        2.603778        1.562267        2.396222       0       0
    1363        3.049972        1.829983        3.170017       0       0
    1364        3.380617         2.02837        4.323876       0       0
    1365        3.380617         2.02837        5.676124       0       0
    1366        3.049972        1.829983        6.829983       0       0
    1367        2.603778        1.562267        7.603778       0       0
    1368        2.309401        2.309401        2.690599       0       0
    1369        2.603778        2.603778        3.437733       0       0
    1370         2.80056         2.80056        4.439888       0       0
    1371         2.80056         2.80056        5.560112       0       0
    1372        2.603778        2.603778        6.562267       0       0
    1373        2.309401        2.309401        7.309402       0       0
    1374      -0.3226764      -0.9680291        3.386618       0       0
    1375       0.4110381        1.233114        2.944809       0       0
    1376       0.4949525       -2.474763        2.525237       0       0
    1377       0.3414117       0.3414117        3.292941       0       0
    1378        1.046673        1.744455        3.255545       0       0
    1379        1.604575       -1.604575        2.325708       0       0
    1380      -0.8748084        1.458014        3.541986       0       0
    1381       -1.604575        1.604575        7.674292       0       0
    1382       0.9283515       0.9283515        3.452747       0       0
    1383       0.3226763        0.968029        3.386618       0       0
    1384      -0.3226764       0.9680289        3.386618       0       0
    1385      -0.9283516       0.9283515        3.452747       0       0
    1386       -1.233114       0.4110381        2.944809       0       0
    1387       0.5877618       -1.763285        7.938808       0       0
    1388        1.233114      -0.4110382        2.944809       0       0
    1389       0.4485089       -0.448509        2.757455       0       0
    1390      -0.4485089      -0.4485089        2.757456       0       0
    1391       -1.233114      -0.4110382        2.944809       0       0
    1392       -1.379167       -1.379167        2.701388       0       0
    1393        1.218538        2.030896        7.030896       0       0
    1394        1.218538       -2.030896        2.969104       0       0
    1395        0.429793       -2.148965        2.851035       0       0
    1396      -0.4297931       -2.148965        2.851035       0       0
    1397       -1.218538       -2.030896        2.969104       0       0
    1398       -1.218538        2.030896        2.969104       0       0
    1399          1.4982       0.4993998        7.496999       0       0
    1400        1.379167        1.379167        2.701388       0       0
    1401       0.4993998        1.498199        2.503001       0       0
    1402      -0.4993999        1.498199        2.503001       0       0
    1403       -1.379167        1.379167        2.701388       0       0
    1404       -1.604575        1.604575        2.325708       0       0
    1405        1.763285       0.5877616        2.061192       0       0
    1406      -0.6627033       0.6627032        1.686484       0       0
    1407       -2.474763       0.4949525        2.525237       0       0
    1408        1.763285      -0.5877618        2.061192       0       0
    1409      -0.6627032      -0.6627032        1.686485       0       0
    1410       0.5877618        1.763285        7.938808       0       0
    1411        1.046673        1.744455        6.744455       0       0
    1412       -2.474763       0.4949525        7.474763       0       0
    1413       -1.763285       0.5877616        7.938808       0       0
    1414      -0.6627032       0.6627032        8.313517       0       0
    1415       0.6627033       0.6627032        8.313517       0       0
    1416       0.8748084        1.458014        3.541986       0       0
    1417       0.9283516        1.547253        4.071649       0       0
    1418       0.9680291        1.613382        4.677324       0       0
    1419       0.9680291        1.613382        5.322676       0       0
    1420       0.9283516        1.547253        5.928351       0       0
    1421       0.8748084        1.458014        6.458014       0       0
    1422        -2.02837      -0.6761235        8.380617       0       0
    1423       0.3226764        1.613382        4.031971       0       0
    1424       0.3414118        1.707059        4.658588       0       0
    1425       0.3414118        1.707059        5.341412       0       0
    1426       0.3226764        1.613382        5.968029       0       0
    1427       0.2994741         1.49737         6.49737       0       0
    1428      -0.2994741         1.49737         3.50263       0       0
    1429      -0.3226763        1.613382        4.031971       0       0
    1430      -0.3414117        1.707059        4.658588       0       0
    1431      -0.3414117        1.707059        5.341412       0       0
    1432      -0.3226763        1.613382        5.968029       0       0
    1433      -0.2994741         1.49737         6.49737       0       0
    1434       0.3414118       0.3414117        6.707059       0       0
    1435      -0.9283515        1.547253        4.071649       0       0
    1436      -0.9680289        1.613382        4.677324       0       0
    1437       -0.968029        1.613382        5.322676       0       0
    1438      -0.9283515        1.547253        5.928351       0       0
    1439      -0.8748083        1.458014        6.458014       0       0
    1440        1.829983        1.829983        8.049972       0       0
    1441       -1.458014        1.458014        4.125192       0       0
    1442        -1.49737         1.49737        4.700526       0       0
    1443        -1.49737         1.49737        5.299474       0       0
    1444       -1.458014        1.458014        5.874808       0       0
    1445       -1.399139        1.399139        6.399138       0       0
    1446      -0.4949525       -2.474763        7.474763       0       0
    1447        1.390402       -2.317337        7.317337       0       0
    1448       -1.218538       -2.030896        7.030896       0       0
    1449        -1.85427         1.85427         6.85427       0       0
    1450       -1.218538        2.030896        7.030896       0       0
    1451       -0.429793        2.148965        7.148965       0       0
    1452       -2.317337        1.390402        7.317337       0       0
    1453        1.153759        1.922932        3.846241       0       0
    1454        1.233114        2.055191        4.588962       0       0
    1455        1.233114        2.055191        5.411038       0       0
    1456        1.153759        1.922932        6.153759       0       0
    1457      -0.5877616        1.763285        7.938808       0       0
    1458       0.3646336        1.823168        3.176832       0       0
    1459       0.4110382        2.055191        3.766886       0       0
    1460       0.4485089        2.242544        4.551491       0       0
    1461        0.448509        2.242545        5.448509       0       0
    1462       0.4110382        2.055191        6.233114       0       0
    1463       0.3646336        1.823168        6.823168       0       0
    1464      -0.3646335        1.823168        3.176832       0       0
    1465      -0.4110381        2.055191        3.766886       0       0
    1466      -0.4485089        2.242545        4.551491       0       0
    1467      -0.4485089        2.242545        5.448509       0       0
    1468      -0.4110381        2.055191        6.233114       0       0
    1469      -0.3646335        1.823168        6.823168       0       0
    1470       -1.046673        1.744455        3.255545       0       0
    1471       -1.153759        1.922932        3.846241       0       0
    1472       -1.233114        2.055191        4.588962       0       0
    1473       -1.233114        2.055191        5.411038       0       0
    1474       -1.153759        1.922932        6.153759       0       0
    1475       -1.046673        1.744455        6.744455       0       0
    1476       -1.626704        1.626704        3.373296       0       0
    1477       -1.744455        1.744455        3.953327       0       0
    1478       -1.823168        1.823168        4.635366       0       0
    1479       -1.823168        1.823168        5.364634       0       0
    1480       -1.744455        1.744455        6.046673       0       0
    1481       -1.626704        1.626704        6.626704       0       0
    1482         2.02837      -0.6761235        8.380617       0       0
    1483       -1.498199      -0.4993999        7.496999       0       0
    1484       -0.555606      -0.5556061         7.77803       0       0
    1485       0.5556061      -0.5556061         7.77803       0       0
    1486          1.4982      -0.4993999        7.496999       0       0
    1487       -0.555606        0.555606         7.77803       0       0
    1488        1.218538        2.030896        2.969104       0       0
    1489        1.379167        2.298612        3.620833       0       0
    1490          1.4982        2.496999          4.5006       0       0
    1491          1.4982        2.496999          5.4994       0       0
    1492        1.379167        2.298612        6.379167       0       0
    1493      -0.3414117       0.3414117        6.707059       0       0
    1494      -0.4110381       -1.233114        7.055191       0       0
    1495       0.4993999        2.496999          3.5018       0       0
    1496       0.5556061         2.77803        4.444394       0       0
    1497       0.5556061         2.77803        5.555606       0       0
    1498       0.4993999        2.496999        6.498199       0       0
    1499       0.4297931        2.148965        7.148965       0       0
    1500       -0.429793        2.148965        2.851035       0       0
    1501      -0.4993998        2.496999          3.5018       0       0
    1502       -0.555606         2.77803        4.444394       0       0
    1503       -0.555606         2.77803        5.555606       0       0
    1504      -0.4993998        2.496999        6.498199       0       0
    1505      -0.8748083       -1.458014        6.458014       0       0
    1506       0.3226764       0.9680289        6.613382       0       0
    1507       -1.379167        2.298612        3.620833       0       0
    1508       -1.498199        2.496999          4.5006       0       0
    1509       -1.498199        2.496999          5.4994       0       0
    1510       -1.379167        2.298612        6.379167       0       0
    1511       -1.399139       -1.399139        6.399138       0       0
    1512      -0.7698003       0.7698003        8.849002       0       0
    1513       -2.030896        2.030896        3.781462       0       0
    1514       -2.148965        2.148965        4.570207       0       0
    1515       -2.148965        2.148965        5.429793       0       0
    1516       -2.030896        2.030896        6.218537       0       0
    1517       0.9283516      -0.9283516        6.547253       0       0
    1518        1.390402        2.317337        2.682663       0       0
    1519       -1.153759        1.153759        6.922933       0       0
    1520      -0.4110381        1.233114        7.055191       0       0
    1521       0.4110382        1.233114        7.055191       0       0
    1522        1.153759        1.153759        6.922933       0       0
    1523       -1.390402       -2.317337        7.317337       0       0
    1524       -1.744455        1.046673        3.255545       0       0
    1525        1.604575        2.674292        3.395425       0       0
    1526        1.763285        2.938808        4.412238       0       0
    1527        1.763285        2.938808        5.587761       0       0
    1528        1.604575        2.674292        6.604575       0       0
    1529        1.390402        2.317337        7.317337       0       0
    1530       0.4949526        2.474763        2.525237       0       0
    1531       0.5877618        2.938808        3.236715       0       0
    1532       0.6627032        3.313515        4.337297       0       0
    1533       0.6627033        3.313516        5.662703       0       0
    1534       0.5877618        2.938808        6.763285       0       0
    1535       0.4949526        2.474763        7.474763       0       0
    1536        -2.80056      -0.5601121         7.80056       0       0
    1537      -0.5877616        2.938808        3.236715       0       0
    1538      -0.6627032        3.313516        4.337296       0       0
    1539      -0.6627032        3.313516        5.662703       0       0
    1540      -0.5877616        2.938808        6.763285       0       0
    1541      -0.4949525        2.474763        7.474763       0       0
    1542       -1.390402        2.317337        2.682663       0       0
    1543       -1.604575        2.674292        3.395425       0       0
    1544       -1.763285        2.938808        4.412238       0       0
    1545       -1.763285        2.938808        5.587762       0       0
    1546       -1.604575        2.674292        6.604575       0       0
    1547       -1.390402        2.317337        7.317337       0       0
    1548       -2.081836        2.081836        2.918164       0       0
    1549       -2.317337        2.317337        3.609598       0       0
    1550       -2.474763        2.474763        4.505047       0       0
    1551       -2.474763        2.474763        5.494953       0       0
    1552       -2.317337        2.317337        6.390402       0       0
    1553       -2.081836        2.081836        7.081836       0       0
    1554      -0.5877616       -1.763285        7.938808       0       0
    1555       -1.046673       -1.744455        6.744455       0       0
    1556      -0.3646335       -1.823168        6.823168       0       0
    1557       0.3646336       -1.823168        6.823168       0       0
    1558        1.046673       -1.744455        6.744455       0       0
    1559       -2.317337       -1.390402        7.317337       0       0
    1560        1.562267        2.603778        2.396222       0       0
    1561        1.829983        3.049971        3.170017       0       0
    1562         2.02837        3.380617        4.323876       0       0
    1563         2.02837        3.380617        5.676123       0       0
    1564        1.829983        3.049972        6.829983       0       0
    1565        1.233114      -0.4110382        7.055191       0       0
    1566       0.5601121         2.80056         2.19944       0       0
    1567       0.6761235        3.380617         2.97163       0       0
    1568       0.7698004        3.849001          4.2302       0       0
    1569       0.7698005        3.849002          5.7698       0       0
    1570       0.6761235        3.380617         7.02837       0       0
    1571       0.5601121         2.80056         7.80056       0       0
    1572       -0.560112         2.80056         2.19944       0       0
    1573      -0.6761233        3.380617         2.97163       0       0
    1574      -0.7698003        3.849002        4.230199       0       0
    1575      -0.7698003        3.849002          5.7698       0       0
    1576      -0.6761234        3.380617         7.02837       0       0
    1577       -0.560112         2.80056         7.80056       0       0
    1578       -1.562267        2.603778        2.396222       0       0
    1579       -1.829983        3.049972        3.170017       0       0
    1580        -2.02837        3.380617        4.323876       0       0
    1581        -2.02837        3.380617        5.676124       0       0
    1582       -1.829983        3.049972        6.829983       0       0
    1583       -1.562267        2.603778        7.603778       0       0
    1584       -2.309401        2.309401        2.690599       0       0
    1585       -2.603778        2.603778        3.437733       0       0
    1586        -2.80056         2.80056        4.439888       0       0
    1587        -2.80056         2.80056        5.560112       0       0
    1588       -2.603778        2.603778        6.562267       0       0
    1589      -0.7698004      -0.7698004        1.150999       0       0
    1590       -2.317337        1.390402        2.682663       0       0
    1591       0.6627032       0.6627032        1.686484       0       0
    1592       -1.763285       0.5877616        2.061192       0       0
    1593       -2.148965      -0.4297931        7.148965       0       0
    1594       0.6627032      -0.6627033        1.686484       0       0
    1595       -1.763285      -0.5877618        2.061192       0       0
    1596      -0.4949526       -2.474763        2.525237       0       0
    1597      -0.2994741        -1.49737         3.50263       0       0
    1598        1.390402       -2.317337        2.682663       0       0
    1599       0.8748084       -1.458014        6.458014       0       0
    1600        1.604575        1.604575        2.325708       0       0
    1601       0.5877616        1.763285        2.061192       0       0
    1602       -1.233114       0.4110381        7.055191       0       0
    1603        0.560112        -2.80056         2.19944       0       0
    1604      -0.5601121        -2.80056         2.19944       0       0
    1605       -1.562267       -2.603778        2.396222       0       0
    1606       -2.309401       -2.309401        2.690599       0       0
    1607       -1.744455        1.046673        6.744455       0       0
    1608        -2.02837      -0.6761235        1.619383       0       0
    1609       0.4485089      -0.4485089        7.242544       0       0
    1610        1.829983       -1.829983        1.950028       0       0
    1611       0.6761233        -2.02837        1.619383       0       0
    1612      -0.6761235        -2.02837        1.619383       0       0
    1613       -1.829983       -1.829983        1.950029       0       0
    1614       0.7698003       0.7698003        1.150998       0       0
    1615        -2.02837       0.6761233        1.619383       0       0
    1616        -2.80056        0.560112         2.19944       0       0
    1617        1.604575       -1.604575        7.674292       0       0
    1618         2.02837      -0.6761235        1.619383       0       0
    1619       0.7698003      -0.7698005        1.150998       0       0
    1620       -1.626704       -1.626704        6.626704       0       0
    1621       -1.744455       -1.046673        6.744455       0       0
    1622       0.7698003       -3.849002        4.230199       0       0
    1623        1.829983        1.829983        1.950028       0       0
    1624      -0.6761235         2.02837        1.619383       0       0
    1625       -2.603778        1.562267        2.396222       0       0
    1626        1.153759       -1.153759        6.922932       0       0
    1627      -0.9680289      -0.3226764        6.613382       0       0
    1628      -0.3414117      -0.3414118        6.707059       0       0
    1629       0.3414118      -0.3414118        6.707058       0       0
    1630       0.9680291      -0.3226764        6.613382       0       0
    1631      -0.5556061      -0.5556061         2.22197       0       0
    1632       -1.458014       0.8748084        3.541986       0       0
    1633       -1.547253       0.9283516        4.071649       0       0
    1634       -1.613382       0.9680291        4.677324       0       0
    1635       -1.613382       0.9680291        5.322676       0       0
    1636       -1.547253       0.9283516        5.928351       0       0
    1637       -1.458014       0.8748084        6.458014       0       0
    1638       0.7698003       -3.849002          5.7698       0       0
    1639       -1.613382       0.3226764        4.031971       0       0
    1640       -1.707059       0.3414118        4.658588       0       0
    1641       -1.707059       0.3414118        5.341412       0       0
    1642       -1.613382       0.3226764        5.968029       0       0
    1643        -1.49737       0.2994741         6.49737       0       0
    1644        0.560112        -2.80056         7.80056       0       0
    1645       -1.613382      -0.3226763        4.031971       0       0
    1646       -1.707059      -0.3414117        4.658588       0       0
    1647       -1.707059      -0.3414117        5.341412       0       0
    1648       -1.613382      -0.3226763        5.968029       0       0
    1649        -1.49737      -0.2994741         6.49737       0       0
    1650        1.829983       -3.049972        3.170017       0       0
    1651       -1.547253      -0.9283515        4.071649       0       0
    1652       -1.613382      -0.9680289        4.677324       0       0
    1653       -1.613382       -0.968029        5.322676       0       0
    1654       -1.547253      -0.9283515        5.928351       0       0
    1655       -1.458014      -0.8748083        6.458014       0       0
    1656       -2.603778       -1.562267        7.603778       0       0
    1657       -1.458014       -1.458014        4.125192       0       0
    1658        -1.49737        -1.49737        4.700526       0       0
    1659        -1.49737        -1.49737        5.299474       0       0
    1660       -1.458014       -1.458014        5.874808       0       0
    1661        1.233114       0.4110381        2.944809       0       0
    1662       -1.823168      -0.3646336        3.176832       0       0
    1663         2.02837       -3.380617        4.323876       0       0
    1664      -0.5877618        1.763285        2.061192       0       0
    1665         -1.4982      -0.4993999        2.503001       0       0
    1666      -0.4993999         -1.4982        2.503001       0       0
    1667       -0.448509       0.4485089        2.757455       0       0
    1668        -1.85427        -1.85427         3.14573       0       0
    1669       -1.922932        1.153759        3.846241       0       0
    1670       -2.055191        1.233114        4.588962       0       0
    1671       -2.055191        1.233114        5.411038       0       0
    1672       -1.922932        1.153759        6.153759       0       0
    1673        -2.80056        -2.80056        5.560112       0       0
    1674        -2.80056        0.560112         7.80056       0       0
    1675       -2.055191       0.4110382        3.766886       0       0
    1676       -2.242544       0.4485089        4.551491       0       0
    1677       -2.242545        0.448509        5.448509       0       0
    1678       -2.055191       0.4110382        6.233114       0       0
    1679       -1.823168       0.3646336        6.823168       0       0
    1680       0.5877616       -2.938808        6.763285       0       0
    1681       -2.055191      -0.4110381        3.766886       0       0
    1682       -2.242545      -0.4485089        4.551491       0       0
    1683       -2.242545      -0.4485089        5.448509       0       0
    1684       -2.055191      -0.4110381        6.233114       0       0
    1685       -1.823168      -0.3646335        6.823168       0       0
    1686       -1.744455       -1.046673        3.255545       0       0
    1687       -1.922932       -1.153759        3.846241       0       0
    1688       -2.055191       -1.233114        4.588962       0       0
    1689       -2.055191       -1.233114        5.411038       0       0
    1690       -1.922932       -1.153759        6.153759       0       0
    1691       -0.429793       -2.148965        7.148965       0       0
    1692       -1.626704       -1.626704        3.373296       0       0
    1693       -1.744455       -1.744455        3.953327       0       0
    1694       -1.823168       -1.823168        4.635366       0       0
    1695       -1.823168       -1.823168        5.364634       0       0
    1696       -1.744455       -1.744455        6.046673       0       0
    1697       -2.603778       -2.603778        3.437733       0       0
    1698       0.7698005       0.7698003        8.849002       0       0
    1699        1.604575        1.604575        7.674292       0       0
    1700       -2.603778       -1.562267        2.396222       0       0
    1701       -2.081836       -2.081836        2.918164       0       0
    1702       -2.148965      -0.4297931        2.851035       0       0
    1703         2.02837       0.6761234        1.619383       0       0
    1704       -2.030896        1.218538        2.969104       0       0
    1705       -2.298612        1.379167        3.620833       0       0
    1706       -2.496999          1.4982          4.5006       0       0
    1707       -2.496999          1.4982          5.4994       0       0
    1708       -2.298612        1.379167        6.379167       0       0
    1709       -2.030896        1.218538        7.030896       0       0
    1710       -2.148965       0.4297931        2.851035       0       0
    1711       -2.496999       0.4993999          3.5018       0       0
    1712        -2.77803       0.5556061        4.444394       0       0
    1713        -2.77803       0.5556061        5.555606       0       0
    1714       -2.496999       0.4993999        6.498199       0       0
    1715       -2.148965       0.4297931        7.148965       0       0
    1716       -2.474763       -2.474763        5.494953       0       0
    1717       -2.496999      -0.4993998          3.5018       0       0
    1718        -2.77803       -0.555606        4.444394       0       0
    1719        -2.77803       -0.555606        5.555606       0       0
    1720       -2.496999      -0.4993998        6.498199       0       0
    1721      -0.6761235       -3.380617         2.97163       0       0
    1722        -2.02837       0.6761234        8.380617       0       0
    1723       -2.298612       -1.379167        3.620833       0       0
    1724       -2.496999       -1.498199          4.5006       0       0
    1725       -2.496999       -1.498199          5.4994       0       0
    1726       -2.298612       -1.379167        6.379167       0       0
    1727       -2.030896       -1.218538        7.030896       0       0
    1728       0.6627032       -3.313516        5.662703       0       0
    1729       -2.030896       -2.030896        3.781462       0       0
    1730       -2.148965       -2.148965        4.570207       0       0
    1731       -2.148965       -2.148965        5.429793       0       0
    1732       -2.030896       -2.030896        6.218537       0       0
    1733        -1.85427        -1.85427         6.85427       0       0
    1734        1.498199      -0.4993999        2.503001       0       0
    1735        1.153759        1.153759        3.077068       0       0
    1736        1.046673       -1.744455        3.255545       0       0
    1737       0.9283515      -0.9283516        3.452747       0       0
    1738       -1.233114      -0.4110382        7.055191       0       0
    1739      -0.5877618       -2.938808        6.763285       0       0
    1740      -0.7698004       -3.849001          4.2302       0       0
    1741       -2.674292        1.604575        3.395425       0       0
    1742       -2.938808        1.763285        4.412238       0       0
    1743       -2.938808        1.763285        5.587761       0       0
    1744       -2.674292        1.604575        6.604575       0       0
    1745      -0.2994741        -1.49737         6.49737       0       0
    1746       0.9283516       0.9283515        6.547253       0       0
    1747       -2.938808       0.5877618        3.236715       0       0
    1748       -3.313515       0.6627032        4.337297       0       0
    1749       -3.313516       0.6627033        5.662703       0       0
    1750       -2.938808       0.5877618        6.763285       0       0
    1751       0.4993999         -1.4982        7.496999       0       0
    1752       -2.474763      -0.4949525        2.525237       0       0
    1753       -2.938808      -0.5877616        3.236715       0       0
    1754       -3.313516      -0.6627032        4.337296       0       0
    1755       -3.313516      -0.6627032        5.662703       0       0
    1756       -2.938808      -0.5877616        6.763285       0       0
    1757       -2.474763      -0.4949525        7.474763       0       0
    1758       -2.317337       -1.390402        2.682663       0       0
    1759       -2.674292       -1.604575        3.395425       0       0
    1760       -2.938808       -1.763285        4.412238       0       0
    1761       -2.938808       -1.763285        5.587762       0       0
    1762       -2.674292       -1.604575        6.604575       0       0
    1763        1.829983       -3.049972        6.829983       0       0
    1764       -2.081836       -2.081836        7.081836       0       0
    1765       -2.317337       -2.317337        3.609598       0       0
    1766       -2.474763       -2.474763        4.505047       0       0
    1767       0.4993999        1.498199        7.496999       0       0
    1768       -2.317337       -2.317337        6.390402       0       0
    1769        0.555606        -2.77803        5.555606       0       0
    1770       0.6761233       -3.380617         2.97163       0       0
    1771        -2.02837       -3.380617        4.323876       0       0
    1772      -0.5601121        -2.80056         7.80056       0       0
    1773      -0.6761235       -3.380617         7.02837       0       0
    1774      -0.7698005       -3.849002          5.7698       0       0
    1775      -0.9283515      -0.9283516        6.547253       0       0
    1776        1.379167       -2.298612        6.379167       0       0
    1777       -3.049971        1.829983        3.170017       0       0
    1778       -3.380617         2.02837        4.323876       0       0
    1779       -3.380617         2.02837        5.676123       0       0
    1780       -3.049972        1.829983        6.829983       0       0
    1781       -2.603778        1.562267        7.603778       0       0
    1782        -2.80056        -2.80056        4.439888       0       0
    1783       -3.380617       0.6761235         2.97163       0       0
    1784       -3.849001       0.7698004          4.2302       0       0
    1785       -3.849002       0.7698005          5.7698       0       0
    1786       -3.380617       0.6761235         7.02837       0       0
    1787      -0.3226763      -0.9680291        6.613382       0       0
    1788       0.6761235        -2.02837        8.380617       0       0
    1789       -3.380617      -0.6761233         2.97163       0       0
    1790       -3.849002      -0.7698003        4.230199       0       0
    1791       -3.849002      -0.7698003          5.7698       0       0
    1792       -3.380617      -0.6761234         7.02837       0       0
    1793      -0.4110382        1.233114        2.944809       0       0
    1794       0.6761235         2.02837        8.380617       0       0
    1795       -3.049972       -1.829983        3.170017       0       0
    1796       -3.380617        -2.02837        4.323876       0       0
    1797       -3.380617        -2.02837        5.676124       0       0
    1798       -3.049972       -1.829983        6.829983       0       0
    1799        1.763285       -2.938808        5.587762       0       0
    1800       -2.309401       -2.309401        7.309402       0       0
    1801       -1.604575       -2.674292        3.395425       0       0
    1802      -0.5556061        -2.77803        4.444394       0       0
    1803       0.5877616       -2.938808        3.236715       0       0
    1804       -2.603778       -2.603778        6.562267       0       0
    1805      -0.4993999       -2.496999          3.5018       0       0
    1806         2.02837       -3.380617        5.676124       0       0
    1807       0.6761234       -3.380617         7.02837       0       0
    1808       0.4110382       -1.233114        7.055191       0       0
    1809       0.6761234         2.02837        1.619383       0       0
    1810       -1.829983        1.829983        1.950028       0       0
    1811       -1.153759       -1.153759        6.922933       0       0
    1812       0.4297931       -2.148965        7.148965       0       0
    1813       0.5877616       -1.763285        2.061192       0       0
    1814      -0.5877618       -1.763285        2.061192       0       0
    1815       -1.604575       -1.604575        2.325708       0       0
    1816       0.4993998       -2.496999        6.498199       0       0
    1817       -1.379167       -1.379167        7.298612       0       0
    1818       0.5556061        0.555606         7.77803       0       0
    1819        0.555606        0.555606         2.22197       0       0
    1820      -0.5556061        0.555606         2.22197       0       0
    1821         -1.4982       0.4993998        2.503001       0       0
    1822      -0.6627032       -3.313515        4.337297       0       0
    1823       -1.498199       0.4993998        7.496999       0       0
    1824       0.4949526       -2.474763        7.474763       0       0
    1825       0.2994741        -1.49737         6.49737       0       0
    1826      -0.4485089       -0.448509        7.242545       0       0
    1827        1.379167       -1.379167        7.298612       0       0
    1828        1.379167        1.379167        7.298612       0       0
    1829        0.555606        -2.77803        4.444394       0       0
    1830       -1.604575       -1.604575        7.674292       0       0
    1831       0.4110381       -1.233114        2.944809       0       0
    1832      -0.4110382       -1.233114        2.944809       0       0
    1833       -1.153759       -1.153759        3.077068       0       0
    1834      -0.6627033       -3.313516        5.662703       0       0
    1835        1.763285       0.5877616        7.938808       0       0
    1836        0.968029       0.3226763        3.386618       0       0
    1837      -0.9680291       0.3226763        3.386618       0       0
    1838      -0.3646336       -1.823168        3.176832       0       0
    1839       0.3414117      -0.3414118        3.292941       0       0
    1840      -0.9680291      -0.3226764        3.386618       0       0
    1841        1.218538       -2.030896        7.030896       0       0
    1842       -1.829983       -1.829983        8.049972       0       0
    1843        1.763285       -2.938808        4.412238       0       0
    1844        1.604575       -2.674292        3.395425       0       0
    1845       -1.829983       -3.049972        6.829983       0       0
    1846         -1.4982       -2.496999          5.4994       0       0
    1847       -0.968029       0.3226763        6.613382       0       0
    1848      -0.6761234         2.02837        8.380617       0       0
    1849      -0.9283516       -1.547253        4.071649       0       0
    1850      -0.9680291       -1.613382        4.677324       0       0
    1851      -0.9680291       -1.613382        5.322676       0       0
    1852      -0.9283516       -1.547253        5.928351       0       0
    1853        1.379167       -1.379167        2.701388       0       0
    1854       -1.562267       -2.603778        7.603778       0       0
    1855      -0.3226764       -1.613382        4.031971       0       0
    1856      -0.3414118       -1.707059        4.658588       0       0
    1857      -0.3414118       -1.707059        5.341412       0       0
    1858      -0.3226764       -1.613382        5.968029       0       0
    1859        1.379167       -2.298612        3.620833       0       0
    1860       -1.829983        1.829983        8.049972       0       0
    1861       0.3226763       -1.613382        4.031971       0       0
    1862       0.3414117       -1.707059        4.658588       0       0
    1863       0.3414117       -1.707059        5.341412       0       0
    1864       0.3226763       -1.613382        5.968029       0       0
    1865         -1.4982       -2.496999          4.5006       0       0
    1866      -0.5556061        -2.77803        5.555606       0       0
    1867       0.9283515       -1.547253        4.071649       0       0
    1868       0.9680289       -1.613382        4.677324       0       0
    1869        0.968029       -1.613382        5.322676       0       0
    1870       0.9283515       -1.547253        5.928351       0       0
    1871        -2.02837       -3.380617        5.676123       0       0
    1872        1.604575       -2.674292        6.604575       0       0
    1873      -0.9283515       0.9283515        6.547253       0       0
    1874        1.498199       -2.496999          5.4994       0       0
    1875      -0.4993999       -2.496999        6.498199       0       0
    1876      -0.4993998         -1.4982        7.496999       0       0
    1877        1.562267       -2.603778        7.603778       0       0
    1878      -0.5877618       -2.938808        3.236715       0       0
    1879       -1.829983       -3.049971        3.170017       0       0
    1880       -1.604575       -2.674292        6.604575       0       0
    1881       -1.763285       -2.938808        5.587761       0       0
    1882       -1.763285       -2.938808        4.412238       0       0
    1883       0.3226764      -0.9680291        6.613382       0       0
    1884      -0.6761233        -2.02837        8.380617       0       0
    1885       -1.153759       -1.922932        3.846241       0       0
    1886       -1.233114       -2.055191        4.588962       0       0
    1887       -1.233114       -2.055191        5.411038       0       0
    1888       -1.153759       -1.922932        6.153759       0       0
    1889        1.233114       0.4110381        7.055191       0       0
    1890       -1.379167       -2.298612        3.620833       0       0
    1891      -0.4110382       -2.055191        3.766886       0       0
    1892      -0.4485089       -2.242544        4.551491       0       0
    1893       -0.448509       -2.242545        5.448509       0       0
    1894      -0.4110382       -2.055191        6.233114       0       0
    1895        0.448509       0.4485089        7.242545       0       0
    1896        1.829983       -1.829983        8.049971       0       0
    1897       0.4110381       -2.055191        3.766886       0       0
    1898       0.4485089       -2.242545        4.551491       0       0
    1899       0.4485089       -2.242545        5.448509       0       0
    1900       0.4110381       -2.055191        6.233114       0       0
    1901      -0.4485089       0.4485089        7.242545       0       0
    1902        1.498199       -2.496999          4.5006       0       0
    1903        1.153759       -1.922932        3.846241       0       0
    1904        1.233114       -2.055191        4.588962       0       0
    1905        1.233114       -2.055191        5.411038       0       0
    1906        1.153759       -1.922932        6.153759       0       0
    1907      -0.3226763        0.968029        6.613382       0       0
    1908       -1.379167       -2.298612        6.379167       0       0
    1909       -1.763285      -0.5877618        7.938808       0       0
    1910      -0.6627032      -0.6627033        8.313517       0       0
    1911       0.6627032      -0.6627032        8.313516       0       0
    1912        1.763285      -0.5877618        7.938808       0       0
    1913       0.9680291       0.3226763        6.613382       0       0
    1914       0.6627032       -3.313516        4.337296       0       0
    1915       -1.379167        1.379167        7.298612       0       0
    1916       0.4993998       -2.496999          3.5018       0       0
    1917      -0.4993998        1.498199        7.496999       0       0
*END
